date,time_slot,room_id,occupancy,fan_status,light_status,ac_status,projector_status,power_consumption_w,day_of_week,is_break_period,is_after_hours,wastage_label
02-02-2026,8:00 AM,Class1,0,1,0,0,0,111,Monday,0,0,1
02-02-2026,8:00 AM,Class2,0,1,0,0,1,427,Monday,0,0,1
02-02-2026,8:00 AM,Class3,1,1,1,0,1,473,Monday,0,0,0
02-02-2026,8:00 AM,Lab1,0,0,1,0,0,60,Monday,0,0,1
02-02-2026,8:00 AM,Lab2,1,1,1,0,0,174,Monday,0,0,0
02-02-2026,8:00 AM,StaffRoom,0,1,0,0,0,123,Monday,0,0,1
02-02-2026,9:00 AM,Class1,1,1,1,0,1,481,Monday,0,0,0
02-02-2026,9:00 AM,Class2,1,1,0,0,0,125,Monday,0,0,0
02-02-2026,9:00 AM,Class3,1,1,1,0,1,474,Monday,0,0,0
02-02-2026,9:00 AM,Lab1,0,1,0,0,0,126,Monday,0,0,1
02-02-2026,9:00 AM,Lab2,0,1,0,0,0,121,Monday,0,0,1
02-02-2026,9:00 AM,StaffRoom,1,1,1,0,0,186,Monday,0,0,0
02-02-2026,10:00 AM,Class1,1,1,1,0,1,475,Monday,1,0,0
02-02-2026,10:00 AM,Class2,1,0,1,0,0,55,Monday,1,0,0
02-02-2026,10:00 AM,Class3,1,0,1,0,1,364,Monday,1,0,0
02-02-2026,10:00 AM,Lab1,1,1,1,0,1,478,Monday,1,0,0
02-02-2026,10:00 AM,Lab2,1,1,1,0,1,483,Monday,1,0,0
02-02-2026,10:00 AM,StaffRoom,1,1,0,0,0,127,Monday,1,0,0
02-02-2026,11:00 AM,Class1,0,1,1,0,0,185,Monday,0,0,1
02-02-2026,11:00 AM,Class2,0,1,0,0,0,113,Monday,0,0,1
02-02-2026,11:00 AM,Class3,0,0,0,0,1,292,Monday,0,0,1
02-02-2026,11:00 AM,Lab1,0,0,0,0,0,5,Monday,0,0,0
02-02-2026,11:00 AM,Lab2,0,0,0,0,0,6,Monday,0,0,0
02-02-2026,11:00 AM,StaffRoom,0,0,0,0,0,4,Monday,0,0,0
02-02-2026,12:00 PM,Class1,1,1,1,0,1,482,Monday,0,0,0
02-02-2026,12:00 PM,Class2,1,1,1,0,1,489,Monday,0,0,0
02-02-2026,12:00 PM,Class3,1,1,1,0,0,170,Monday,0,0,0
02-02-2026,12:00 PM,Lab1,1,1,1,0,0,185,Monday,0,0,0
02-02-2026,12:00 PM,Lab2,1,1,1,0,0,184,Monday,0,0,0
02-02-2026,12:00 PM,StaffRoom,1,1,1,0,0,178,Monday,0,0,0
02-02-2026,1:00 PM,Class1,0,0,1,0,0,68,Monday,1,0,1
02-02-2026,1:00 PM,Class2,0,0,0,0,0,0,Monday,1,0,0
02-02-2026,1:00 PM,Class3,0,1,0,0,0,119,Monday,1,0,1
02-02-2026,1:00 PM,Lab1,0,0,0,0,0,0,Monday,1,0,0
02-02-2026,1:00 PM,Lab2,0,1,1,0,0,190,Monday,1,0,1
02-02-2026,1:00 PM,StaffRoom,0,1,0,0,0,119,Monday,1,0,1
02-02-2026,2:00 PM,Class1,0,0,0,0,0,0,Monday,0,0,0
02-02-2026,2:00 PM,Class2,0,1,0,0,1,418,Monday,0,0,1
02-02-2026,2:00 PM,Class3,0,1,1,0,0,178,Monday,0,0,1
02-02-2026,2:00 PM,Lab1,0,1,0,0,0,114,Monday,0,0,1
02-02-2026,2:00 PM,Lab2,0,0,0,0,0,6,Monday,0,0,0
02-02-2026,2:00 PM,StaffRoom,0,0,1,0,0,59,Monday,0,0,1
02-02-2026,3:00 PM,Class1,0,0,0,0,0,0,Monday,0,0,0
02-02-2026,3:00 PM,Class2,1,1,1,0,1,479,Monday,0,0,0
02-02-2026,3:00 PM,Class3,0,1,0,0,1,424,Monday,0,0,1
02-02-2026,3:00 PM,Lab1,1,1,1,0,0,179,Monday,0,0,0
02-02-2026,3:00 PM,Lab2,1,1,1,0,0,173,Monday,0,0,0
02-02-2026,3:00 PM,StaffRoom,0,0,0,0,0,9,Monday,0,0,0
02-02-2026,4:00 PM,Class1,1,1,1,0,1,484,Monday,0,0,0
02-02-2026,4:00 PM,Class2,1,1,1,0,1,484,Monday,0,0,0
02-02-2026,4:00 PM,Class3,0,0,0,0,0,0,Monday,0,0,0
02-02-2026,4:00 PM,Lab1,1,1,1,0,1,484,Monday,0,0,0
02-02-2026,4:00 PM,Lab2,1,1,1,0,0,170,Monday,0,0,0
02-02-2026,4:00 PM,StaffRoom,0,1,0,0,0,113,Monday,0,0,1
02-02-2026,5:00 PM,Class1,0,0,0,0,1,292,Monday,0,1,1
02-02-2026,5:00 PM,Class2,0,0,0,0,0,9,Monday,0,1,0
02-02-2026,5:00 PM,Class3,0,0,0,0,1,308,Monday,0,1,1
02-02-2026,5:00 PM,Lab1,1,1,1,0,0,175,Monday,0,1,0
02-02-2026,5:00 PM,Lab2,0,1,1,0,0,178,Monday,0,1,1
02-02-2026,5:00 PM,StaffRoom,0,0,0,0,0,2,Monday,0,1,0
03-02-2026,8:00 AM,Class1,1,1,1,0,1,485,Tuesday,0,0,0
03-02-2026,8:00 AM,Class2,0,1,0,0,0,122,Tuesday,0,0,1
03-02-2026,8:00 AM,Class3,0,1,0,0,0,119,Tuesday,0,0,1
03-02-2026,8:00 AM,Lab1,0,1,1,0,1,474,Tuesday,0,0,1
03-02-2026,8:00 AM,Lab2,1,1,1,0,0,187,Tuesday,0,0,0
03-02-2026,8:00 AM,StaffRoom,1,0,1,0,0,60,Tuesday,0,0,0
03-02-2026,9:00 AM,Class1,1,1,1,0,0,188,Tuesday,0,0,0
03-02-2026,9:00 AM,Class2,1,1,1,0,0,188,Tuesday,0,0,0
03-02-2026,9:00 AM,Class3,1,1,0,0,0,122,Tuesday,0,0,0
03-02-2026,9:00 AM,Lab1,1,1,1,0,0,186,Tuesday,0,0,0
03-02-2026,9:00 AM,Lab2,1,1,1,0,0,170,Tuesday,0,0,0
03-02-2026,9:00 AM,StaffRoom,1,1,1,0,0,176,Tuesday,0,0,0
03-02-2026,10:00 AM,Class1,1,1,1,0,0,190,Tuesday,1,0,0
03-02-2026,10:00 AM,Class2,1,1,1,0,0,171,Tuesday,1,0,0
03-02-2026,10:00 AM,Class3,1,0,1,0,0,68,Tuesday,1,0,0
03-02-2026,10:00 AM,Lab1,1,1,1,0,0,188,Tuesday,1,0,0
03-02-2026,10:00 AM,Lab2,0,0,0,0,0,2,Tuesday,1,0,0
03-02-2026,10:00 AM,StaffRoom,1,1,1,0,0,173,Tuesday,1,0,0
03-02-2026,11:00 AM,Class1,1,1,1,0,1,481,Tuesday,0,0,0
03-02-2026,11:00 AM,Class2,0,0,0,0,0,0,Tuesday,0,0,0
03-02-2026,11:00 AM,Class3,0,0,1,0,0,63,Tuesday,0,0,1
03-02-2026,11:00 AM,Lab1,0,1,1,0,0,177,Tuesday,0,0,1
03-02-2026,11:00 AM,Lab2,0,1,0,0,0,123,Tuesday,0,0,1
03-02-2026,11:00 AM,StaffRoom,0,0,0,0,0,0,Tuesday,0,0,0
03-02-2026,12:00 PM,Class1,0,0,0,0,0,9,Tuesday,0,0,0
03-02-2026,12:00 PM,Class2,1,1,1,0,0,186,Tuesday,0,0,0
03-02-2026,12:00 PM,Class3,1,1,1,0,0,172,Tuesday,0,0,0
03-02-2026,12:00 PM,Lab1,1,1,1,0,1,477,Tuesday,0,0,0
03-02-2026,12:00 PM,Lab2,1,1,1,0,1,475,Tuesday,0,0,0
03-02-2026,12:00 PM,StaffRoom,1,1,1,0,0,189,Tuesday,0,0,0
03-02-2026,1:00 PM,Class1,1,1,0,0,0,125,Tuesday,1,0,0
03-02-2026,1:00 PM,Class2,0,1,0,0,0,126,Tuesday,1,0,1
03-02-2026,1:00 PM,Class3,0,0,1,0,0,67,Tuesday,1,0,1
03-02-2026,1:00 PM,Lab1,0,0,1,0,0,62,Tuesday,1,0,1
03-02-2026,1:00 PM,Lab2,0,1,0,0,1,424,Tuesday,1,0,1
03-02-2026,1:00 PM,StaffRoom,0,0,0,0,0,0,Tuesday,1,0,0
03-02-2026,2:00 PM,Class1,0,0,1,0,0,50,Tuesday,0,0,1
03-02-2026,2:00 PM,Class2,0,1,1,0,0,190,Tuesday,0,0,1
03-02-2026,2:00 PM,Class3,0,0,1,0,0,68,Tuesday,0,0,1
03-02-2026,2:00 PM,Lab1,0,1,1,0,1,486,Tuesday,0,0,1
03-02-2026,2:00 PM,Lab2,0,1,1,0,0,186,Tuesday,0,0,1
03-02-2026,2:00 PM,StaffRoom,0,1,0,0,0,110,Tuesday,0,0,1
03-02-2026,3:00 PM,Class1,1,1,1,0,0,180,Tuesday,0,0,0
03-02-2026,3:00 PM,Class2,1,1,1,0,0,172,Tuesday,0,0,0
03-02-2026,3:00 PM,Class3,1,0,1,0,0,59,Tuesday,0,0,0
03-02-2026,3:00 PM,Lab1,1,1,0,0,0,130,Tuesday,0,0,0
03-02-2026,3:00 PM,Lab2,1,1,1,0,1,483,Tuesday,0,0,0
03-02-2026,3:00 PM,StaffRoom,1,1,1,0,0,175,Tuesday,0,0,0
03-02-2026,4:00 PM,Class1,0,1,0,0,0,125,Tuesday,0,0,1
03-02-2026,4:00 PM,Class2,1,1,1,0,1,486,Tuesday,0,0,0
03-02-2026,4:00 PM,Class3,1,1,0,0,1,420,Tuesday,0,0,0
03-02-2026,4:00 PM,Lab1,1,1,1,0,1,483,Tuesday,0,0,0
03-02-2026,4:00 PM,Lab2,1,1,1,0,0,173,Tuesday,0,0,0
03-02-2026,4:00 PM,StaffRoom,1,1,1,0,0,186,Tuesday,0,0,0
03-02-2026,5:00 PM,Class1,0,0,0,0,0,0,Tuesday,0,1,0
03-02-2026,5:00 PM,Class2,0,1,1,0,0,180,Tuesday,0,1,1
03-02-2026,5:00 PM,Class3,0,1,0,0,1,417,Tuesday,0,1,1
03-02-2026,5:00 PM,Lab1,1,1,1,0,1,471,Tuesday,0,1,0
03-02-2026,5:00 PM,Lab2,1,1,1,0,0,176,Tuesday,0,1,0
03-02-2026,5:00 PM,StaffRoom,1,1,1,0,0,178,Tuesday,0,1,0
04-02-2026,8:00 AM,Class1,0,1,0,0,0,116,Wednesday,0,0,1
04-02-2026,8:00 AM,Class2,1,1,1,0,1,483,Wednesday,0,0,0
04-02-2026,8:00 AM,Class3,1,1,1,0,1,478,Wednesday,0,0,0
04-02-2026,8:00 AM,Lab1,0,0,0,0,0,4,Wednesday,0,0,0
04-02-2026,8:00 AM,Lab2,0,0,0,0,0,5,Wednesday,0,0,0
04-02-2026,8:00 AM,StaffRoom,0,0,0,0,0,7,Wednesday,0,0,0
04-02-2026,9:00 AM,Class1,1,0,0,0,1,308,Wednesday,0,0,0
04-02-2026,9:00 AM,Class2,1,1,1,0,1,481,Wednesday,0,0,0
04-02-2026,9:00 AM,Class3,0,1,0,0,0,123,Wednesday,0,0,1
04-02-2026,9:00 AM,Lab1,1,1,0,0,0,112,Wednesday,0,0,0
04-02-2026,9:00 AM,Lab2,1,0,1,0,1,350,Wednesday,0,0,0
04-02-2026,9:00 AM,StaffRoom,1,0,1,0,0,55,Wednesday,0,0,0
04-02-2026,10:00 AM,Class1,1,1,0,0,0,111,Wednesday,1,0,0
04-02-2026,10:00 AM,Class2,1,1,1,0,1,483,Wednesday,1,0,0
04-02-2026,10:00 AM,Class3,1,1,1,0,0,171,Wednesday,1,0,0
04-02-2026,10:00 AM,Lab1,1,1,1,0,1,486,Wednesday,1,0,0
04-02-2026,10:00 AM,Lab2,1,0,1,0,1,350,Wednesday,1,0,0
04-02-2026,10:00 AM,StaffRoom,1,1,1,0,0,173,Wednesday,1,0,0
04-02-2026,11:00 AM,Class1,1,1,0,0,1,425,Wednesday,0,0,0
04-02-2026,11:00 AM,Class2,0,1,1,0,0,190,Wednesday,0,0,1
04-02-2026,11:00 AM,Class3,1,1,1,0,0,181,Wednesday,0,0,0
04-02-2026,11:00 AM,Lab1,0,1,1,0,0,189,Wednesday,0,0,1
04-02-2026,11:00 AM,Lab2,0,0,0,0,0,0,Wednesday,0,0,0
04-02-2026,11:00 AM,StaffRoom,0,1,1,0,0,181,Wednesday,0,0,1
04-02-2026,12:00 PM,Class1,1,1,0,0,0,124,Wednesday,0,0,0
04-02-2026,12:00 PM,Class2,1,1,1,0,1,488,Wednesday,0,0,0
04-02-2026,12:00 PM,Class3,1,1,1,0,0,183,Wednesday,0,0,0
04-02-2026,12:00 PM,Lab1,0,0,0,0,0,6,Wednesday,0,0,0
04-02-2026,12:00 PM,Lab2,1,0,1,0,0,53,Wednesday,0,0,0
04-02-2026,12:00 PM,StaffRoom,1,1,1,0,0,190,Wednesday,0,0,0
04-02-2026,1:00 PM,Class1,0,0,1,0,0,57,Wednesday,1,0,1
04-02-2026,1:00 PM,Class2,0,0,0,0,0,1,Wednesday,1,0,0
04-02-2026,1:00 PM,Class3,0,0,0,0,1,301,Wednesday,1,0,1
04-02-2026,1:00 PM,Lab1,0,0,0,0,1,307,Wednesday,1,0,1
04-02-2026,1:00 PM,Lab2,0,1,1,0,0,180,Wednesday,1,0,1
04-02-2026,1:00 PM,StaffRoom,0,0,1,0,0,50,Wednesday,1,0,1
04-02-2026,2:00 PM,Class1,0,0,0,0,1,304,Wednesday,0,0,1
04-02-2026,2:00 PM,Class2,0,0,0,0,1,294,Wednesday,0,0,1
04-02-2026,2:00 PM,Class3,0,1,0,0,1,423,Wednesday,0,0,1
04-02-2026,2:00 PM,Lab1,1,1,1,0,0,175,Wednesday,0,0,0
04-02-2026,2:00 PM,Lab2,0,0,0,0,0,3,Wednesday,0,0,0
04-02-2026,2:00 PM,StaffRoom,0,0,0,0,0,0,Wednesday,0,0,0
04-02-2026,3:00 PM,Class1,0,1,0,0,1,412,Wednesday,0,0,1
04-02-2026,3:00 PM,Class2,1,1,0,0,1,412,Wednesday,0,0,0
04-02-2026,3:00 PM,Class3,1,0,1,0,0,64,Wednesday,0,0,0
04-02-2026,3:00 PM,Lab1,1,1,0,0,1,419,Wednesday,0,0,0
04-02-2026,3:00 PM,Lab2,1,1,1,0,1,471,Wednesday,0,0,0
04-02-2026,3:00 PM,StaffRoom,1,1,1,0,0,170,Wednesday,0,0,0
04-02-2026,4:00 PM,Class1,1,1,1,0,0,177,Wednesday,0,0,0
04-02-2026,4:00 PM,Class2,1,1,1,0,0,172,Wednesday,0,0,0
04-02-2026,4:00 PM,Class3,1,1,1,0,1,484,Wednesday,0,0,0
04-02-2026,4:00 PM,Lab1,0,0,1,0,0,50,Wednesday,0,0,1
04-02-2026,4:00 PM,Lab2,1,0,1,0,0,58,Wednesday,0,0,0
04-02-2026,4:00 PM,StaffRoom,0,1,0,0,0,122,Wednesday,0,0,1
04-02-2026,5:00 PM,Class1,1,1,0,0,1,419,Wednesday,0,1,0
04-02-2026,5:00 PM,Class2,0,1,0,0,0,120,Wednesday,0,1,1
04-02-2026,5:00 PM,Class3,0,1,0,0,0,124,Wednesday,0,1,1
04-02-2026,5:00 PM,Lab1,0,0,0,0,0,0,Wednesday,0,1,0
04-02-2026,5:00 PM,Lab2,0,0,1,0,1,351,Wednesday,0,1,1
04-02-2026,5:00 PM,StaffRoom,0,1,1,0,0,183,Wednesday,0,1,1
05-02-2026,8:00 AM,Class1,0,0,0,0,0,7,Thursday,0,0,0
05-02-2026,8:00 AM,Class2,1,1,1,0,1,480,Thursday,0,0,0
05-02-2026,8:00 AM,Class3,1,0,1,0,1,360,Thursday,0,0,0
05-02-2026,8:00 AM,Lab1,1,1,1,0,1,470,Thursday,0,0,0
05-02-2026,8:00 AM,Lab2,1,1,1,0,0,183,Thursday,0,0,0
05-02-2026,8:00 AM,StaffRoom,1,1,1,0,0,174,Thursday,0,0,0
05-02-2026,9:00 AM,Class1,1,1,0,0,0,114,Thursday,0,0,0
05-02-2026,9:00 AM,Class2,1,1,1,0,1,486,Thursday,0,0,0
05-02-2026,9:00 AM,Class3,1,0,0,0,1,295,Thursday,0,0,0
05-02-2026,9:00 AM,Lab1,1,1,1,0,1,480,Thursday,0,0,0
05-02-2026,9:00 AM,Lab2,1,1,1,0,1,475,Thursday,0,0,0
05-02-2026,9:00 AM,StaffRoom,1,1,1,0,0,189,Thursday,0,0,0
05-02-2026,10:00 AM,Class1,1,1,1,0,1,489,Thursday,1,0,0
05-02-2026,10:00 AM,Class2,1,1,0,0,1,412,Thursday,1,0,0
05-02-2026,10:00 AM,Class3,1,1,1,0,1,474,Thursday,1,0,0
05-02-2026,10:00 AM,Lab1,1,0,1,0,0,63,Thursday,1,0,0
05-02-2026,10:00 AM,Lab2,1,1,1,0,0,170,Thursday,1,0,0
05-02-2026,10:00 AM,StaffRoom,1,1,1,0,0,174,Thursday,1,0,0
05-02-2026,11:00 AM,Class1,0,0,1,0,1,354,Thursday,0,0,1
05-02-2026,11:00 AM,Class2,1,1,1,0,0,176,Thursday,0,0,0
05-02-2026,11:00 AM,Class3,0,1,0,0,0,128,Thursday,0,0,1
05-02-2026,11:00 AM,Lab1,0,0,0,0,1,297,Thursday,0,0,1
05-02-2026,11:00 AM,Lab2,0,1,0,0,0,121,Thursday,0,0,1
05-02-2026,11:00 AM,StaffRoom,0,0,1,0,0,53,Thursday,0,0,1
05-02-2026,12:00 PM,Class1,1,1,1,0,0,189,Thursday,0,0,0
05-02-2026,12:00 PM,Class2,1,1,0,0,1,427,Thursday,0,0,0
05-02-2026,12:00 PM,Class3,1,1,1,0,0,186,Thursday,0,0,0
05-02-2026,12:00 PM,Lab1,1,1,1,0,0,172,Thursday,0,0,0
05-02-2026,12:00 PM,Lab2,0,1,0,0,1,429,Thursday,0,0,1
05-02-2026,12:00 PM,StaffRoom,1,0,1,0,0,62,Thursday,0,0,0
05-02-2026,1:00 PM,Class1,0,0,1,0,0,54,Thursday,1,0,1
05-02-2026,1:00 PM,Class2,0,0,1,0,0,50,Thursday,1,0,1
05-02-2026,1:00 PM,Class3,0,0,0,0,0,4,Thursday,1,0,0
05-02-2026,1:00 PM,Lab1,0,1,0,0,1,422,Thursday,1,0,1
05-02-2026,1:00 PM,Lab2,0,1,0,0,0,116,Thursday,1,0,1
05-02-2026,1:00 PM,StaffRoom,0,1,0,0,0,115,Thursday,1,0,1
05-02-2026,2:00 PM,Class1,0,0,1,0,0,63,Thursday,0,0,1
05-02-2026,2:00 PM,Class2,0,0,0,0,0,0,Thursday,0,0,0
05-02-2026,2:00 PM,Class3,1,1,1,0,1,472,Thursday,0,0,0
05-02-2026,2:00 PM,Lab1,0,0,0,0,0,8,Thursday,0,0,0
05-02-2026,2:00 PM,Lab2,0,1,0,0,1,426,Thursday,0,0,1
05-02-2026,2:00 PM,StaffRoom,0,0,0,0,0,0,Thursday,0,0,0
05-02-2026,3:00 PM,Class1,1,1,1,0,0,190,Thursday,0,0,0
05-02-2026,3:00 PM,Class2,1,1,1,0,1,481,Thursday,0,0,0
05-02-2026,3:00 PM,Class3,1,1,1,0,1,479,Thursday,0,0,0
05-02-2026,3:00 PM,Lab1,1,1,1,0,1,489,Thursday,0,0,0
05-02-2026,3:00 PM,Lab2,1,1,1,0,0,181,Thursday,0,0,0
05-02-2026,3:00 PM,StaffRoom,1,1,1,0,0,186,Thursday,0,0,0
05-02-2026,4:00 PM,Class1,1,1,1,0,0,189,Thursday,0,0,0
05-02-2026,4:00 PM,Class2,1,1,1,0,1,472,Thursday,0,0,0
05-02-2026,4:00 PM,Class3,1,1,1,0,1,478,Thursday,0,0,0
05-02-2026,4:00 PM,Lab1,1,1,1,0,0,188,Thursday,0,0,0
05-02-2026,4:00 PM,Lab2,1,1,0,0,0,130,Thursday,0,0,0
05-02-2026,4:00 PM,StaffRoom,1,1,0,0,0,127,Thursday,0,0,0
05-02-2026,5:00 PM,Class1,1,1,1,0,1,482,Thursday,0,1,0
05-02-2026,5:00 PM,Class2,1,1,1,0,1,477,Thursday,0,1,0
05-02-2026,5:00 PM,Class3,0,0,0,0,0,0,Thursday,0,1,0
05-02-2026,5:00 PM,Lab1,1,1,1,0,0,179,Thursday,0,1,0
05-02-2026,5:00 PM,Lab2,1,1,1,0,1,488,Thursday,0,1,0
05-02-2026,5:00 PM,StaffRoom,0,1,0,0,0,110,Thursday,0,1,1
06-02-2026,8:00 AM,Class1,0,0,0,0,0,1,Friday,0,0,0
06-02-2026,8:00 AM,Class2,0,0,0,0,0,0,Friday,0,0,0
06-02-2026,8:00 AM,Class3,1,1,1,0,0,176,Friday,0,0,0
06-02-2026,8:00 AM,Lab1,0,0,0,0,0,0,Friday,0,0,0
06-02-2026,8:00 AM,Lab2,0,1,1,0,1,489,Friday,0,0,1
06-02-2026,8:00 AM,StaffRoom,1,1,1,0,0,172,Friday,0,0,0
06-02-2026,9:00 AM,Class1,1,1,0,0,0,123,Friday,0,0,0
06-02-2026,9:00 AM,Class2,1,1,1,0,1,484,Friday,0,0,0
06-02-2026,9:00 AM,Class3,1,1,0,0,1,425,Friday,0,0,0
06-02-2026,9:00 AM,Lab1,1,1,1,0,0,174,Friday,0,0,0
06-02-2026,9:00 AM,Lab2,1,1,1,0,0,179,Friday,0,0,0
06-02-2026,9:00 AM,StaffRoom,1,1,0,0,0,113,Friday,0,0,0
06-02-2026,10:00 AM,Class1,1,1,0,0,0,130,Friday,1,0,0
06-02-2026,10:00 AM,Class2,1,1,1,0,1,485,Friday,1,0,0
06-02-2026,10:00 AM,Class3,1,1,1,0,1,490,Friday,1,0,0
06-02-2026,10:00 AM,Lab1,0,0,1,0,0,66,Friday,1,0,1
06-02-2026,10:00 AM,Lab2,0,1,0,0,0,122,Friday,1,0,1
06-02-2026,10:00 AM,StaffRoom,1,1,0,0,0,130,Friday,1,0,0
06-02-2026,11:00 AM,Class1,0,0,1,0,1,369,Friday,0,0,1
06-02-2026,11:00 AM,Class2,0,0,1,0,0,51,Friday,0,0,1
06-02-2026,11:00 AM,Class3,1,1,1,0,1,488,Friday,0,0,0
06-02-2026,11:00 AM,Lab1,0,0,0,0,0,10,Friday,0,0,0
06-02-2026,11:00 AM,Lab2,0,0,0,0,1,295,Friday,0,0,1
06-02-2026,11:00 AM,StaffRoom,0,0,0,0,0,0,Friday,0,0,0
06-02-2026,12:00 PM,Class1,1,1,1,0,1,487,Friday,0,0,0
06-02-2026,12:00 PM,Class2,1,1,1,0,1,490,Friday,0,0,0
06-02-2026,12:00 PM,Class3,0,1,1,0,0,173,Friday,0,0,1
06-02-2026,12:00 PM,Lab1,1,1,1,0,0,189,Friday,0,0,0
06-02-2026,12:00 PM,Lab2,1,0,1,0,0,69,Friday,0,0,0
06-02-2026,12:00 PM,StaffRoom,1,0,1,0,0,62,Friday,0,0,0
06-02-2026,1:00 PM,Class1,0,0,1,0,1,359,Friday,1,0,1
06-02-2026,1:00 PM,Class2,0,0,0,0,0,0,Friday,1,0,0
06-02-2026,1:00 PM,Class3,0,1,0,0,1,420,Friday,1,0,1
06-02-2026,1:00 PM,Lab1,0,0,0,0,0,0,Friday,1,0,0
06-02-2026,1:00 PM,Lab2,0,1,0,0,0,125,Friday,1,0,1
06-02-2026,1:00 PM,StaffRoom,0,0,0,0,0,0,Friday,1,0,0
06-02-2026,2:00 PM,Class1,0,0,0,0,0,0,Friday,0,0,0
06-02-2026,2:00 PM,Class2,0,0,0,0,0,0,Friday,0,0,0
06-02-2026,2:00 PM,Class3,1,1,0,0,0,118,Friday,0,0,0
06-02-2026,2:00 PM,Lab1,1,1,1,0,1,483,Friday,0,0,0
06-02-2026,2:00 PM,Lab2,0,0,1,0,1,351,Friday,0,0,1
06-02-2026,2:00 PM,StaffRoom,0,0,0,0,0,9,Friday,0,0,0
06-02-2026,3:00 PM,Class1,1,1,1,0,1,479,Friday,0,0,0
06-02-2026,3:00 PM,Class2,1,1,1,0,1,477,Friday,0,0,0
06-02-2026,3:00 PM,Class3,0,0,1,0,0,65,Friday,0,0,1
06-02-2026,3:00 PM,Lab1,1,1,1,0,0,180,Friday,0,0,0
06-02-2026,3:00 PM,Lab2,1,1,1,0,1,475,Friday,0,0,0
06-02-2026,3:00 PM,StaffRoom,0,0,0,0,0,0,Friday,0,0,0
06-02-2026,4:00 PM,Class1,1,1,0,0,1,426,Friday,0,0,0
06-02-2026,4:00 PM,Class2,1,1,1,0,1,481,Friday,0,0,0
06-02-2026,4:00 PM,Class3,0,0,0,0,0,5,Friday,0,0,0
06-02-2026,4:00 PM,Lab1,1,1,1,0,1,480,Friday,0,0,0
06-02-2026,4:00 PM,Lab2,1,1,1,0,0,182,Friday,0,0,0
06-02-2026,4:00 PM,StaffRoom,1,1,0,0,0,117,Friday,0,0,0
06-02-2026,5:00 PM,Class1,1,1,1,0,0,174,Friday,0,1,0
06-02-2026,5:00 PM,Class2,1,1,1,0,1,475,Friday,0,1,0
06-02-2026,5:00 PM,Class3,1,0,1,0,0,64,Friday,0,1,0
06-02-2026,5:00 PM,Lab1,0,1,0,0,0,110,Friday,0,1,1
06-02-2026,5:00 PM,Lab2,0,1,0,0,0,129,Friday,0,1,1
06-02-2026,5:00 PM,StaffRoom,0,0,1,0,0,58,Friday,0,1,1
07-02-2026,8:00 AM,Class1,0,1,0,0,0,111,Saturday,0,0,1
07-02-2026,8:00 AM,Class2,1,1,1,0,1,486,Saturday,0,0,0
07-02-2026,8:00 AM,Class3,1,1,1,0,0,187,Saturday,0,0,0
07-02-2026,8:00 AM,Lab1,1,1,1,0,0,188,Saturday,0,0,0
07-02-2026,8:00 AM,Lab2,1,1,1,0,1,484,Saturday,0,0,0
07-02-2026,8:00 AM,StaffRoom,1,1,1,0,0,173,Saturday,0,0,0
07-02-2026,9:00 AM,Class1,1,1,1,0,1,487,Saturday,0,0,0
07-02-2026,9:00 AM,Class2,1,1,1,0,0,185,Saturday,0,0,0
07-02-2026,9:00 AM,Class3,1,1,1,0,1,475,Saturday,0,0,0
07-02-2026,9:00 AM,Lab1,1,1,1,0,1,478,Saturday,0,0,0
07-02-2026,9:00 AM,Lab2,1,1,1,0,1,475,Saturday,0,0,0
07-02-2026,9:00 AM,StaffRoom,1,1,1,0,0,190,Saturday,0,0,0
07-02-2026,10:00 AM,Class1,1,0,1,0,1,370,Saturday,1,0,0
07-02-2026,10:00 AM,Class2,1,1,1,0,1,476,Saturday,1,0,0
07-02-2026,10:00 AM,Class3,1,1,1,0,0,172,Saturday,1,0,0
07-02-2026,10:00 AM,Lab1,1,1,1,0,0,190,Saturday,1,0,0
07-02-2026,10:00 AM,Lab2,1,1,1,0,1,482,Saturday,1,0,0
07-02-2026,10:00 AM,StaffRoom,1,1,1,0,0,172,Saturday,1,0,0
07-02-2026,11:00 AM,Class1,0,0,0,0,0,7,Saturday,0,0,0
07-02-2026,11:00 AM,Class2,0,0,0,0,1,304,Saturday,0,0,1
07-02-2026,11:00 AM,Class3,0,1,0,0,0,124,Saturday,0,0,1
07-02-2026,11:00 AM,Lab1,0,1,1,0,0,188,Saturday,0,0,1
07-02-2026,11:00 AM,Lab2,0,0,0,0,0,2,Saturday,0,0,0
07-02-2026,11:00 AM,StaffRoom,0,0,0,0,0,0,Saturday,0,0,0
07-02-2026,12:00 PM,Class1,1,1,1,0,0,177,Saturday,0,0,0
07-02-2026,12:00 PM,Class2,0,0,0,0,0,0,Saturday,0,0,0
07-02-2026,12:00 PM,Class3,0,0,0,0,0,9,Saturday,0,0,0
07-02-2026,12:00 PM,Lab1,1,0,1,0,1,358,Saturday,0,0,0
07-02-2026,12:00 PM,Lab2,1,1,1,0,0,185,Saturday,0,0,0
07-02-2026,12:00 PM,StaffRoom,1,1,1,0,0,172,Saturday,0,0,0
07-02-2026,1:00 PM,Class1,0,1,1,0,0,190,Saturday,1,0,1
07-02-2026,1:00 PM,Class2,0,1,0,0,1,423,Saturday,1,0,1
07-02-2026,1:00 PM,Class3,0,0,0,0,0,0,Saturday,1,0,0
07-02-2026,1:00 PM,Lab1,0,1,0,0,1,419,Saturday,1,0,1
07-02-2026,1:00 PM,Lab2,0,0,0,0,0,2,Saturday,1,0,0
07-02-2026,1:00 PM,StaffRoom,0,0,0,0,0,0,Saturday,1,0,0
07-02-2026,2:00 PM,Class1,0,0,1,0,1,364,Saturday,0,0,1
07-02-2026,2:00 PM,Class2,0,0,0,0,0,0,Saturday,0,0,0
07-02-2026,2:00 PM,Class3,0,1,1,0,0,180,Saturday,0,0,1
07-02-2026,2:00 PM,Lab1,0,0,1,0,1,355,Saturday,0,0,1
07-02-2026,2:00 PM,Lab2,0,1,1,0,1,485,Saturday,0,0,1
07-02-2026,2:00 PM,StaffRoom,0,0,0,0,0,0,Saturday,0,0,0
07-02-2026,3:00 PM,Class1,1,1,1,0,1,480,Saturday,0,0,0
07-02-2026,3:00 PM,Class2,1,1,1,0,1,475,Saturday,0,0,0
07-02-2026,3:00 PM,Class3,1,1,1,0,0,182,Saturday,0,0,0
07-02-2026,3:00 PM,Lab1,1,1,1,0,1,490,Saturday,0,0,0
07-02-2026,3:00 PM,Lab2,0,1,0,0,0,124,Saturday,0,0,1
07-02-2026,3:00 PM,StaffRoom,1,1,1,0,0,177,Saturday,0,0,0
07-02-2026,4:00 PM,Class1,1,1,1,0,0,179,Saturday,0,0,0
07-02-2026,4:00 PM,Class2,1,1,1,0,1,471,Saturday,0,0,0
07-02-2026,4:00 PM,Class3,1,1,1,0,1,485,Saturday,0,0,0
07-02-2026,4:00 PM,Lab1,1,1,1,0,0,176,Saturday,0,0,0
07-02-2026,4:00 PM,Lab2,0,0,1,0,1,362,Saturday,0,0,1
07-02-2026,4:00 PM,StaffRoom,1,1,1,0,0,181,Saturday,0,0,0
07-02-2026,5:00 PM,Class1,0,0,0,0,1,305,Saturday,0,1,1
07-02-2026,5:00 PM,Class2,0,0,0,0,0,5,Saturday,0,1,0
07-02-2026,5:00 PM,Class3,0,1,0,0,0,110,Saturday,0,1,1
07-02-2026,5:00 PM,Lab1,1,1,1,0,1,471,Saturday,0,1,0
07-02-2026,5:00 PM,Lab2,1,1,1,0,1,477,Saturday,0,1,0
07-02-2026,5:00 PM,StaffRoom,1,1,1,0,0,184,Saturday,0,1,0
09-02-2026,8:00 AM,Class1,0,0,0,0,0,10,Monday,0,0,0
09-02-2026,8:00 AM,Class2,1,1,1,0,1,472,Monday,0,0,0
09-02-2026,8:00 AM,Class3,1,1,1,0,1,479,Monday,0,0,0
09-02-2026,8:00 AM,Lab1,0,0,0,0,0,8,Monday,0,0,0
09-02-2026,8:00 AM,Lab2,0,0,0,0,0,7,Monday,0,0,0
09-02-2026,8:00 AM,StaffRoom,1,1,1,0,0,181,Monday,0,0,0
09-02-2026,9:00 AM,Class1,1,1,1,0,1,485,Monday,0,0,0
09-02-2026,9:00 AM,Class2,0,1,0,0,0,111,Monday,0,0,1
09-02-2026,9:00 AM,Class3,1,1,1,0,0,173,Monday,0,0,0
09-02-2026,9:00 AM,Lab1,1,1,1,0,0,186,Monday,0,0,0
09-02-2026,9:00 AM,Lab2,1,1,1,0,1,484,Monday,0,0,0
09-02-2026,9:00 AM,StaffRoom,1,1,1,0,0,185,Monday,0,0,0
09-02-2026,10:00 AM,Class1,0,0,0,0,0,0,Monday,1,0,0
09-02-2026,10:00 AM,Class2,1,1,1,0,0,173,Monday,1,0,0
09-02-2026,10:00 AM,Class3,0,1,0,0,0,112,Monday,1,0,1
09-02-2026,10:00 AM,Lab1,1,1,1,0,0,176,Monday,1,0,0
09-02-2026,10:00 AM,Lab2,0,0,1,0,0,60,Monday,1,0,1
09-02-2026,10:00 AM,StaffRoom,1,1,0,0,0,111,Monday,1,0,0
09-02-2026,11:00 AM,Class1,0,0,0,0,0,0,Monday,0,0,0
09-02-2026,11:00 AM,Class2,0,0,0,0,0,8,Monday,0,0,0
09-02-2026,11:00 AM,Class3,0,1,0,0,0,111,Monday,0,0,1
09-02-2026,11:00 AM,Lab1,0,1,1,0,0,189,Monday,0,0,1
09-02-2026,11:00 AM,Lab2,0,0,0,0,0,6,Monday,0,0,0
09-02-2026,11:00 AM,StaffRoom,0,1,1,0,0,186,Monday,0,0,1
09-02-2026,12:00 PM,Class1,0,0,0,0,1,307,Monday,0,0,1
09-02-2026,12:00 PM,Class2,1,1,1,0,0,182,Monday,0,0,0
09-02-2026,12:00 PM,Class3,1,1,1,0,0,170,Monday,0,0,0
09-02-2026,12:00 PM,Lab1,1,1,1,0,0,190,Monday,0,0,0
09-02-2026,12:00 PM,Lab2,1,1,1,0,1,488,Monday,0,0,0
09-02-2026,12:00 PM,StaffRoom,1,0,1,0,0,70,Monday,0,0,0
09-02-2026,1:00 PM,Class1,0,0,0,0,1,298,Monday,1,0,1
09-02-2026,1:00 PM,Class2,0,0,0,0,0,0,Monday,1,0,0
09-02-2026,1:00 PM,Class3,0,1,0,0,0,115,Monday,1,0,1
09-02-2026,1:00 PM,Lab1,0,0,1,0,0,69,Monday,1,0,1
09-02-2026,1:00 PM,Lab2,0,1,0,0,1,417,Monday,1,0,1
09-02-2026,1:00 PM,StaffRoom,0,1,1,0,0,175,Monday,1,0,1
09-02-2026,2:00 PM,Class1,0,1,1,0,0,185,Monday,0,0,1
09-02-2026,2:00 PM,Class2,0,0,0,0,0,0,Monday,0,0,0
09-02-2026,2:00 PM,Class3,1,1,1,0,0,173,Monday,0,0,0
09-02-2026,2:00 PM,Lab1,0,0,0,0,1,294,Monday,0,0,1
09-02-2026,2:00 PM,Lab2,0,0,0,0,0,2,Monday,0,0,0
09-02-2026,2:00 PM,StaffRoom,0,0,0,0,0,7,Monday,0,0,0
09-02-2026,3:00 PM,Class1,1,1,1,0,0,187,Monday,0,0,0
09-02-2026,3:00 PM,Class2,1,1,0,0,1,427,Monday,0,0,0
09-02-2026,3:00 PM,Class3,1,1,1,0,0,179,Monday,0,0,0
09-02-2026,3:00 PM,Lab1,1,1,1,0,1,475,Monday,0,0,0
09-02-2026,3:00 PM,Lab2,1,1,1,0,1,482,Monday,0,0,0
09-02-2026,3:00 PM,StaffRoom,1,1,0,0,0,130,Monday,0,0,0
09-02-2026,4:00 PM,Class1,1,1,1,0,1,488,Monday,0,0,0
09-02-2026,4:00 PM,Class2,0,0,0,0,0,0,Monday,0,0,0
09-02-2026,4:00 PM,Class3,0,1,1,0,0,172,Monday,0,0,1
09-02-2026,4:00 PM,Lab1,1,1,1,0,0,176,Monday,0,0,0
09-02-2026,4:00 PM,Lab2,1,1,1,0,1,487,Monday,0,0,0
09-02-2026,4:00 PM,StaffRoom,1,1,1,0,0,172,Monday,0,0,0
09-02-2026,5:00 PM,Class1,0,0,0,0,1,291,Monday,0,1,1
09-02-2026,5:00 PM,Class2,0,1,1,0,0,177,Monday,0,1,1
09-02-2026,5:00 PM,Class3,0,0,0,0,0,2,Monday,0,1,0
09-02-2026,5:00 PM,Lab1,1,1,1,0,1,489,Monday,0,1,0
09-02-2026,5:00 PM,Lab2,0,0,0,0,1,296,Monday,0,1,1
09-02-2026,5:00 PM,StaffRoom,1,1,1,0,0,183,Monday,0,1,0
10-02-2026,8:00 AM,Class1,1,1,1,0,0,184,Tuesday,0,0,0
10-02-2026,8:00 AM,Class2,1,1,0,0,1,414,Tuesday,0,0,0
10-02-2026,8:00 AM,Class3,0,0,1,0,0,59,Tuesday,0,0,1
10-02-2026,8:00 AM,Lab1,0,0,0,0,1,296,Tuesday,0,0,1
10-02-2026,8:00 AM,Lab2,1,1,1,0,0,181,Tuesday,0,0,0
10-02-2026,8:00 AM,StaffRoom,1,0,1,0,0,55,Tuesday,0,0,0
10-02-2026,9:00 AM,Class1,1,1,1,0,1,471,Tuesday,0,0,0
10-02-2026,9:00 AM,Class2,1,1,1,0,0,178,Tuesday,0,0,0
10-02-2026,9:00 AM,Class3,1,1,1,0,1,489,Tuesday,0,0,0
10-02-2026,9:00 AM,Lab1,1,1,0,0,0,126,Tuesday,0,0,0
10-02-2026,9:00 AM,Lab2,1,1,0,0,0,129,Tuesday,0,0,0
10-02-2026,9:00 AM,StaffRoom,1,1,0,0,0,115,Tuesday,0,0,0
10-02-2026,10:00 AM,Class1,1,1,1,0,1,472,Tuesday,1,0,0
10-02-2026,10:00 AM,Class2,1,1,1,0,0,172,Tuesday,1,0,0
10-02-2026,10:00 AM,Class3,1,1,0,0,1,418,Tuesday,1,0,0
10-02-2026,10:00 AM,Lab1,1,1,0,0,0,123,Tuesday,1,0,0
10-02-2026,10:00 AM,Lab2,1,1,1,0,0,175,Tuesday,1,0,0
10-02-2026,10:00 AM,StaffRoom,1,0,1,0,0,63,Tuesday,1,0,0
10-02-2026,11:00 AM,Class1,0,0,1,0,0,67,Tuesday,0,0,1
10-02-2026,11:00 AM,Class2,0,0,0,0,0,0,Tuesday,0,0,0
10-02-2026,11:00 AM,Class3,0,0,1,0,1,356,Tuesday,0,0,1
10-02-2026,11:00 AM,Lab1,1,1,1,0,0,171,Tuesday,0,0,0
10-02-2026,11:00 AM,Lab2,0,0,0,0,0,10,Tuesday,0,0,0
10-02-2026,11:00 AM,StaffRoom,1,0,1,0,0,67,Tuesday,0,0,0
10-02-2026,12:00 PM,Class1,1,1,1,0,0,170,Tuesday,0,0,0
10-02-2026,12:00 PM,Class2,1,1,1,0,0,180,Tuesday,0,0,0
10-02-2026,12:00 PM,Class3,1,1,1,0,1,476,Tuesday,0,0,0
10-02-2026,12:00 PM,Lab1,1,1,1,0,0,173,Tuesday,0,0,0
10-02-2026,12:00 PM,Lab2,0,0,0,0,0,0,Tuesday,0,0,0
10-02-2026,12:00 PM,StaffRoom,1,1,1,0,0,175,Tuesday,0,0,0
10-02-2026,1:00 PM,Class1,0,1,1,0,0,178,Tuesday,1,0,1
10-02-2026,1:00 PM,Class2,0,1,0,0,1,419,Tuesday,1,0,1
10-02-2026,1:00 PM,Class3,0,0,0,0,1,294,Tuesday,1,0,1
10-02-2026,1:00 PM,Lab1,0,0,0,0,0,0,Tuesday,1,0,0
10-02-2026,1:00 PM,Lab2,0,1,0,0,1,425,Tuesday,1,0,1
10-02-2026,1:00 PM,StaffRoom,0,0,0,0,0,6,Tuesday,1,0,0
10-02-2026,2:00 PM,Class1,0,1,1,0,0,179,Tuesday,0,0,1
10-02-2026,2:00 PM,Class2,0,0,1,0,1,366,Tuesday,0,0,1
10-02-2026,2:00 PM,Class3,0,0,0,0,0,0,Tuesday,0,0,0
10-02-2026,2:00 PM,Lab1,0,1,0,0,0,120,Tuesday,0,0,1
10-02-2026,2:00 PM,Lab2,0,0,0,0,0,5,Tuesday,0,0,0
10-02-2026,2:00 PM,StaffRoom,0,1,0,0,0,116,Tuesday,0,0,1
10-02-2026,3:00 PM,Class1,1,1,1,0,0,186,Tuesday,0,0,0
10-02-2026,3:00 PM,Class2,1,1,1,0,0,186,Tuesday,0,0,0
10-02-2026,3:00 PM,Class3,1,1,0,0,1,422,Tuesday,0,0,0
10-02-2026,3:00 PM,Lab1,1,1,1,0,1,483,Tuesday,0,0,0
10-02-2026,3:00 PM,Lab2,1,0,1,0,1,365,Tuesday,0,0,0
10-02-2026,3:00 PM,StaffRoom,1,1,0,0,0,114,Tuesday,0,0,0
10-02-2026,4:00 PM,Class1,1,1,1,0,1,475,Tuesday,0,0,0
10-02-2026,4:00 PM,Class2,1,1,1,0,1,480,Tuesday,0,0,0
10-02-2026,4:00 PM,Class3,0,0,0,0,0,0,Tuesday,0,0,0
10-02-2026,4:00 PM,Lab1,0,1,0,0,0,117,Tuesday,0,0,1
10-02-2026,4:00 PM,Lab2,0,0,0,0,1,301,Tuesday,0,0,1
10-02-2026,4:00 PM,StaffRoom,1,1,1,0,0,189,Tuesday,0,0,0
10-02-2026,5:00 PM,Class1,1,1,1,0,1,473,Tuesday,0,1,0
10-02-2026,5:00 PM,Class2,0,1,0,0,1,424,Tuesday,0,1,1
10-02-2026,5:00 PM,Class3,0,0,0,0,0,0,Tuesday,0,1,0
10-02-2026,5:00 PM,Lab1,0,0,0,0,0,0,Tuesday,0,1,0
10-02-2026,5:00 PM,Lab2,0,1,0,0,0,110,Tuesday,0,1,1
10-02-2026,5:00 PM,StaffRoom,1,1,1,0,0,187,Tuesday,0,1,0
11-02-2026,8:00 AM,Class1,1,1,1,0,1,488,Wednesday,0,0,0
11-02-2026,8:00 AM,Class2,1,1,0,0,0,116,Wednesday,0,0,0
11-02-2026,8:00 AM,Class3,0,1,1,0,0,188,Wednesday,0,0,1
11-02-2026,8:00 AM,Lab1,1,0,1,0,1,360,Wednesday,0,0,0
11-02-2026,8:00 AM,Lab2,0,0,0,0,1,301,Wednesday,0,0,1
11-02-2026,8:00 AM,StaffRoom,1,1,1,0,0,177,Wednesday,0,0,0
11-02-2026,9:00 AM,Class1,1,1,1,0,1,471,Wednesday,0,0,0
11-02-2026,9:00 AM,Class2,1,1,1,0,1,470,Wednesday,0,0,0
11-02-2026,9:00 AM,Class3,1,1,1,0,1,479,Wednesday,0,0,0
11-02-2026,9:00 AM,Lab1,1,1,1,0,0,176,Wednesday,0,0,0
11-02-2026,9:00 AM,Lab2,0,1,0,0,0,122,Wednesday,0,0,1
11-02-2026,9:00 AM,StaffRoom,1,1,1,0,0,185,Wednesday,0,0,0
11-02-2026,10:00 AM,Class1,1,1,1,0,0,187,Wednesday,1,0,0
11-02-2026,10:00 AM,Class2,0,1,0,0,1,413,Wednesday,1,0,1
11-02-2026,10:00 AM,Class3,1,1,1,0,0,172,Wednesday,1,0,0
11-02-2026,10:00 AM,Lab1,0,0,0,0,0,0,Wednesday,1,0,0
11-02-2026,10:00 AM,Lab2,1,1,1,0,1,477,Wednesday,1,0,0
11-02-2026,10:00 AM,StaffRoom,1,1,1,0,0,188,Wednesday,1,0,0
11-02-2026,11:00 AM,Class1,0,0,1,0,0,60,Wednesday,0,0,1
11-02-2026,11:00 AM,Class2,0,0,1,0,0,55,Wednesday,0,0,1
11-02-2026,11:00 AM,Class3,1,1,1,0,1,476,Wednesday,0,0,0
11-02-2026,11:00 AM,Lab1,1,1,1,0,1,471,Wednesday,0,0,0
11-02-2026,11:00 AM,Lab2,0,0,0,0,0,3,Wednesday,0,0,0
11-02-2026,11:00 AM,StaffRoom,0,0,1,0,0,58,Wednesday,0,0,1
11-02-2026,12:00 PM,Class1,1,1,1,0,0,188,Wednesday,0,0,0
11-02-2026,12:00 PM,Class2,1,1,1,0,1,470,Wednesday,0,0,0
11-02-2026,12:00 PM,Class3,1,1,0,0,0,119,Wednesday,0,0,0
11-02-2026,12:00 PM,Lab1,1,1,1,0,0,171,Wednesday,0,0,0
11-02-2026,12:00 PM,Lab2,1,1,1,0,1,474,Wednesday,0,0,0
11-02-2026,12:00 PM,StaffRoom,1,1,1,0,0,179,Wednesday,0,0,0
11-02-2026,1:00 PM,Class1,0,0,0,0,0,0,Wednesday,1,0,0
11-02-2026,1:00 PM,Class2,0,1,0,0,1,414,Wednesday,1,0,1
11-02-2026,1:00 PM,Class3,0,1,0,0,0,122,Wednesday,1,0,1
11-02-2026,1:00 PM,Lab1,0,0,0,0,0,0,Wednesday,1,0,0
11-02-2026,1:00 PM,Lab2,0,1,0,0,0,122,Wednesday,1,0,1
11-02-2026,1:00 PM,StaffRoom,0,0,0,0,0,1,Wednesday,1,0,0
11-02-2026,2:00 PM,Class1,0,1,0,0,0,119,Wednesday,0,0,1
11-02-2026,2:00 PM,Class2,0,0,1,0,0,67,Wednesday,0,0,1
11-02-2026,2:00 PM,Class3,0,1,1,0,0,190,Wednesday,0,0,1
11-02-2026,2:00 PM,Lab1,0,0,0,0,0,0,Wednesday,0,0,0
11-02-2026,2:00 PM,Lab2,0,0,0,0,0,0,Wednesday,0,0,0
11-02-2026,2:00 PM,StaffRoom,0,1,0,0,0,118,Wednesday,0,0,1
11-02-2026,3:00 PM,Class1,1,0,0,0,0,0,Wednesday,0,0,0
11-02-2026,3:00 PM,Class2,1,1,1,0,0,190,Wednesday,0,0,0
11-02-2026,3:00 PM,Class3,1,1,1,0,1,471,Wednesday,0,0,0
11-02-2026,3:00 PM,Lab1,1,1,1,0,0,172,Wednesday,0,0,0
11-02-2026,3:00 PM,Lab2,1,1,0,0,0,123,Wednesday,0,0,0
11-02-2026,3:00 PM,StaffRoom,1,1,1,0,0,186,Wednesday,0,0,0
11-02-2026,4:00 PM,Class1,1,1,1,0,0,175,Wednesday,0,0,0
11-02-2026,4:00 PM,Class2,1,1,1,0,0,186,Wednesday,0,0,0
11-02-2026,4:00 PM,Class3,0,1,0,0,0,121,Wednesday,0,0,1
11-02-2026,4:00 PM,Lab1,1,0,1,0,0,53,Wednesday,0,0,0
11-02-2026,4:00 PM,Lab2,1,1,1,0,1,478,Wednesday,0,0,0
11-02-2026,4:00 PM,StaffRoom,1,1,1,0,0,187,Wednesday,0,0,0
11-02-2026,5:00 PM,Class1,0,1,0,0,0,127,Wednesday,0,1,1
11-02-2026,5:00 PM,Class2,1,1,1,0,1,486,Wednesday,0,1,0
11-02-2026,5:00 PM,Class3,1,1,1,0,1,486,Wednesday,0,1,0
11-02-2026,5:00 PM,Lab1,0,1,0,0,0,113,Wednesday,0,1,1
11-02-2026,5:00 PM,Lab2,0,0,1,0,0,52,Wednesday,0,1,1
11-02-2026,5:00 PM,StaffRoom,0,0,0,0,0,0,Wednesday,0,1,0
12-02-2026,8:00 AM,Class1,1,1,1,0,0,185,Thursday,0,0,0
12-02-2026,8:00 AM,Class2,1,0,1,0,0,60,Thursday,0,0,0
12-02-2026,8:00 AM,Class3,1,1,0,0,0,118,Thursday,0,0,0
12-02-2026,8:00 AM,Lab1,0,0,1,0,0,55,Thursday,0,0,1
12-02-2026,8:00 AM,Lab2,0,0,0,0,0,5,Thursday,0,0,0
12-02-2026,8:00 AM,StaffRoom,1,1,1,0,0,173,Thursday,0,0,0
12-02-2026,9:00 AM,Class1,1,1,1,0,1,476,Thursday,0,0,0
12-02-2026,9:00 AM,Class2,1,1,0,0,0,123,Thursday,0,0,0
12-02-2026,9:00 AM,Class3,1,1,0,0,0,120,Thursday,0,0,0
12-02-2026,9:00 AM,Lab1,1,1,0,0,1,430,Thursday,0,0,0
12-02-2026,9:00 AM,Lab2,1,1,1,0,1,474,Thursday,0,0,0
12-02-2026,9:00 AM,StaffRoom,1,1,1,0,0,189,Thursday,0,0,0
12-02-2026,10:00 AM,Class1,1,1,1,0,1,477,Thursday,1,0,0
12-02-2026,10:00 AM,Class2,1,1,1,0,0,185,Thursday,1,0,0
12-02-2026,10:00 AM,Class3,1,1,0,0,1,418,Thursday,1,0,0
12-02-2026,10:00 AM,Lab1,1,1,1,0,1,476,Thursday,1,0,0
12-02-2026,10:00 AM,Lab2,0,0,0,0,1,301,Thursday,1,0,1
12-02-2026,10:00 AM,StaffRoom,1,1,0,0,0,119,Thursday,1,0,0
12-02-2026,11:00 AM,Class1,0,1,0,0,1,426,Thursday,0,0,1
12-02-2026,11:00 AM,Class2,0,0,1,0,0,53,Thursday,0,0,1
12-02-2026,11:00 AM,Class3,0,0,1,0,0,51,Thursday,0,0,1
12-02-2026,11:00 AM,Lab1,0,0,0,0,0,0,Thursday,0,0,0
12-02-2026,11:00 AM,Lab2,0,0,0,0,0,10,Thursday,0,0,0
12-02-2026,11:00 AM,StaffRoom,0,0,0,0,0,10,Thursday,0,0,0
12-02-2026,12:00 PM,Class1,1,1,0,0,1,410,Thursday,0,0,0
12-02-2026,12:00 PM,Class2,1,1,1,0,0,181,Thursday,0,0,0
12-02-2026,12:00 PM,Class3,1,1,1,0,0,174,Thursday,0,0,0
12-02-2026,12:00 PM,Lab1,1,1,1,0,0,183,Thursday,0,0,0
12-02-2026,12:00 PM,Lab2,1,1,0,0,1,410,Thursday,0,0,0
12-02-2026,12:00 PM,StaffRoom,1,1,1,0,0,171,Thursday,0,0,0
12-02-2026,1:00 PM,Class1,0,1,0,0,0,122,Thursday,1,0,1
12-02-2026,1:00 PM,Class2,0,0,0,0,0,0,Thursday,1,0,0
12-02-2026,1:00 PM,Class3,0,0,0,0,0,9,Thursday,1,0,0
12-02-2026,1:00 PM,Lab1,0,0,1,0,0,64,Thursday,1,0,1
12-02-2026,1:00 PM,Lab2,0,1,1,0,0,175,Thursday,1,0,1
12-02-2026,1:00 PM,StaffRoom,0,1,0,0,0,121,Thursday,1,0,1
12-02-2026,2:00 PM,Class1,0,0,0,0,0,1,Thursday,0,0,0
12-02-2026,2:00 PM,Class2,0,1,0,0,0,130,Thursday,0,0,1
12-02-2026,2:00 PM,Class3,0,1,0,0,0,111,Thursday,0,0,1
12-02-2026,2:00 PM,Lab1,0,1,0,0,0,125,Thursday,0,0,1
12-02-2026,2:00 PM,Lab2,0,0,0,0,0,0,Thursday,0,0,0
12-02-2026,2:00 PM,StaffRoom,0,0,0,0,0,0,Thursday,0,0,0
12-02-2026,3:00 PM,Class1,1,1,0,0,1,411,Thursday,0,0,0
12-02-2026,3:00 PM,Class2,1,1,0,0,1,415,Thursday,0,0,0
12-02-2026,3:00 PM,Class3,1,0,1,0,0,67,Thursday,0,0,0
12-02-2026,3:00 PM,Lab1,1,1,1,0,0,175,Thursday,0,0,0
12-02-2026,3:00 PM,Lab2,1,1,1,0,0,181,Thursday,0,0,0
12-02-2026,3:00 PM,StaffRoom,0,1,1,0,0,174,Thursday,0,0,1
12-02-2026,4:00 PM,Class1,1,1,1,0,1,482,Thursday,0,0,0
12-02-2026,4:00 PM,Class2,0,0,0,0,1,300,Thursday,0,0,1
12-02-2026,4:00 PM,Class3,1,0,1,0,1,368,Thursday,0,0,0
12-02-2026,4:00 PM,Lab1,0,1,1,0,0,189,Thursday,0,0,1
12-02-2026,4:00 PM,Lab2,1,1,1,0,1,477,Thursday,0,0,0
12-02-2026,4:00 PM,StaffRoom,1,1,1,0,0,183,Thursday,0,0,0
12-02-2026,5:00 PM,Class1,0,1,0,0,0,111,Thursday,0,1,1
12-02-2026,5:00 PM,Class2,0,0,1,0,0,51,Thursday,0,1,1
12-02-2026,5:00 PM,Class3,0,1,0,0,0,118,Thursday,0,1,1
12-02-2026,5:00 PM,Lab1,0,0,1,0,0,56,Thursday,0,1,1
12-02-2026,5:00 PM,Lab2,0,1,0,0,0,118,Thursday,0,1,1
12-02-2026,5:00 PM,StaffRoom,0,0,0,0,0,0,Thursday,0,1,0
13-02-2026,8:00 AM,Class1,1,1,1,0,0,176,Friday,0,0,0
13-02-2026,8:00 AM,Class2,1,1,0,0,1,421,Friday,0,0,0
13-02-2026,8:00 AM,Class3,1,1,1,0,0,187,Friday,0,0,0
13-02-2026,8:00 AM,Lab1,0,0,0,0,0,6,Friday,0,0,0
13-02-2026,8:00 AM,Lab2,0,0,1,0,0,68,Friday,0,0,1
13-02-2026,8:00 AM,StaffRoom,1,1,1,0,0,174,Friday,0,0,0
13-02-2026,9:00 AM,Class1,1,1,1,0,1,480,Friday,0,0,0
13-02-2026,9:00 AM,Class2,1,0,1,0,0,67,Friday,0,0,0
13-02-2026,9:00 AM,Class3,1,1,1,0,0,189,Friday,0,0,0
13-02-2026,9:00 AM,Lab1,1,1,1,0,1,484,Friday,0,0,0
13-02-2026,9:00 AM,Lab2,1,1,0,0,0,124,Friday,0,0,0
13-02-2026,9:00 AM,StaffRoom,1,1,0,0,0,124,Friday,0,0,0
13-02-2026,10:00 AM,Class1,1,1,1,0,0,190,Friday,1,0,0
13-02-2026,10:00 AM,Class2,1,1,1,0,0,185,Friday,1,0,0
13-02-2026,10:00 AM,Class3,1,1,1,0,0,189,Friday,1,0,0
13-02-2026,10:00 AM,Lab1,1,1,0,0,1,414,Friday,1,0,0
13-02-2026,10:00 AM,Lab2,1,1,1,0,1,485,Friday,1,0,0
13-02-2026,10:00 AM,StaffRoom,1,1,1,0,0,177,Friday,1,0,0
13-02-2026,11:00 AM,Class1,0,1,0,0,1,425,Friday,0,0,1
13-02-2026,11:00 AM,Class2,0,0,1,0,0,55,Friday,0,0,1
13-02-2026,11:00 AM,Class3,0,0,0,0,0,3,Friday,0,0,0
13-02-2026,11:00 AM,Lab1,0,1,0,0,0,116,Friday,0,0,1
13-02-2026,11:00 AM,Lab2,0,0,0,0,1,308,Friday,0,0,1
13-02-2026,11:00 AM,StaffRoom,0,1,0,0,0,120,Friday,0,0,1
13-02-2026,12:00 PM,Class1,1,1,1,0,0,181,Friday,0,0,0
13-02-2026,12:00 PM,Class2,1,0,1,0,1,364,Friday,0,0,0
13-02-2026,12:00 PM,Class3,1,1,1,0,1,484,Friday,0,0,0
13-02-2026,12:00 PM,Lab1,1,1,1,0,0,173,Friday,0,0,0
13-02-2026,12:00 PM,Lab2,1,1,1,0,0,186,Friday,0,0,0
13-02-2026,12:00 PM,StaffRoom,1,1,1,0,0,172,Friday,0,0,0
13-02-2026,1:00 PM,Class1,0,0,0,0,0,5,Friday,1,0,0
13-02-2026,1:00 PM,Class2,0,0,1,0,0,70,Friday,1,0,1
13-02-2026,1:00 PM,Class3,0,0,0,0,0,0,Friday,1,0,0
13-02-2026,1:00 PM,Lab1,0,0,1,0,0,66,Friday,1,0,1
13-02-2026,1:00 PM,Lab2,0,1,0,0,0,123,Friday,1,0,1
13-02-2026,1:00 PM,StaffRoom,0,0,1,0,0,53,Friday,1,0,1
13-02-2026,2:00 PM,Class1,1,1,1,0,1,480,Friday,0,0,0
13-02-2026,2:00 PM,Class2,0,0,1,0,0,62,Friday,0,0,1
13-02-2026,2:00 PM,Class3,0,1,1,0,0,188,Friday,0,0,1
13-02-2026,2:00 PM,Lab1,0,1,0,0,0,121,Friday,0,0,1
13-02-2026,2:00 PM,Lab2,0,1,0,0,0,122,Friday,0,0,1
13-02-2026,2:00 PM,StaffRoom,0,0,0,0,0,5,Friday,0,0,0
13-02-2026,3:00 PM,Class1,1,1,1,0,1,483,Friday,0,0,0
13-02-2026,3:00 PM,Class2,1,1,1,0,0,176,Friday,0,0,0
13-02-2026,3:00 PM,Class3,1,1,1,0,1,474,Friday,0,0,0
13-02-2026,3:00 PM,Lab1,1,1,0,0,0,122,Friday,0,0,0
13-02-2026,3:00 PM,Lab2,1,1,0,0,0,112,Friday,0,0,0
13-02-2026,3:00 PM,StaffRoom,0,0,0,0,0,0,Friday,0,0,0
13-02-2026,4:00 PM,Class1,1,1,1,0,0,173,Friday,0,0,0
13-02-2026,4:00 PM,Class2,1,1,1,0,1,471,Friday,0,0,0
13-02-2026,4:00 PM,Class3,1,1,1,0,1,476,Friday,0,0,0
13-02-2026,4:00 PM,Lab1,0,0,1,0,0,62,Friday,0,0,1
13-02-2026,4:00 PM,Lab2,1,1,1,0,0,183,Friday,0,0,0
13-02-2026,4:00 PM,StaffRoom,1,1,1,0,0,178,Friday,0,0,0
13-02-2026,5:00 PM,Class1,0,0,0,0,1,292,Friday,0,1,1
13-02-2026,5:00 PM,Class2,1,1,0,0,1,416,Friday,0,1,0
13-02-2026,5:00 PM,Class3,1,1,1,0,0,186,Friday,0,1,0
13-02-2026,5:00 PM,Lab1,0,0,0,0,0,7,Friday,0,1,0
13-02-2026,5:00 PM,Lab2,1,1,1,0,1,487,Friday,0,1,0
13-02-2026,5:00 PM,StaffRoom,0,0,0,0,0,0,Friday,0,1,0
14-02-2026,8:00 AM,Class1,1,1,1,0,1,484,Saturday,0,0,0
14-02-2026,8:00 AM,Class2,1,1,1,0,1,478,Saturday,0,0,0
14-02-2026,8:00 AM,Class3,0,0,1,0,0,61,Saturday,0,0,1
14-02-2026,8:00 AM,Lab1,0,1,0,0,0,117,Saturday,0,0,1
14-02-2026,8:00 AM,Lab2,1,1,0,0,1,427,Saturday,0,0,0
14-02-2026,8:00 AM,StaffRoom,1,1,0,0,0,111,Saturday,0,0,0
14-02-2026,9:00 AM,Class1,1,1,1,0,1,472,Saturday,0,0,0
14-02-2026,9:00 AM,Class2,1,1,1,0,0,172,Saturday,0,0,0
14-02-2026,9:00 AM,Class3,1,1,1,0,1,477,Saturday,0,0,0
14-02-2026,9:00 AM,Lab1,1,1,1,0,1,472,Saturday,0,0,0
14-02-2026,9:00 AM,Lab2,0,0,1,0,1,352,Saturday,0,0,1
14-02-2026,9:00 AM,StaffRoom,1,0,1,0,0,66,Saturday,0,0,0
14-02-2026,10:00 AM,Class1,1,1,1,0,1,484,Saturday,1,0,0
14-02-2026,10:00 AM,Class2,0,0,1,0,0,55,Saturday,1,0,1
14-02-2026,10:00 AM,Class3,1,1,1,0,1,484,Saturday,1,0,0
14-02-2026,10:00 AM,Lab1,1,1,1,0,0,180,Saturday,1,0,0
14-02-2026,10:00 AM,Lab2,1,1,1,0,0,178,Saturday,1,0,0
14-02-2026,10:00 AM,StaffRoom,1,1,1,0,0,170,Saturday,1,0,0
14-02-2026,11:00 AM,Class1,0,0,0,0,0,0,Saturday,0,0,0
14-02-2026,11:00 AM,Class2,0,0,0,0,1,301,Saturday,0,0,1
14-02-2026,11:00 AM,Class3,1,1,0,0,0,130,Saturday,0,0,0
14-02-2026,11:00 AM,Lab1,0,1,0,0,0,122,Saturday,0,0,1
14-02-2026,11:00 AM,Lab2,1,0,0,0,1,302,Saturday,0,0,0
14-02-2026,11:00 AM,StaffRoom,0,1,1,0,0,182,Saturday,0,0,1
14-02-2026,12:00 PM,Class1,1,1,1,0,0,189,Saturday,0,0,0
14-02-2026,12:00 PM,Class2,1,1,1,0,0,171,Saturday,0,0,0
14-02-2026,12:00 PM,Class3,1,1,1,0,1,479,Saturday,0,0,0
14-02-2026,12:00 PM,Lab1,1,1,1,0,0,190,Saturday,0,0,0
14-02-2026,12:00 PM,Lab2,1,1,1,0,0,173,Saturday,0,0,0
14-02-2026,12:00 PM,StaffRoom,1,0,1,0,0,54,Saturday,0,0,0
14-02-2026,1:00 PM,Class1,0,1,0,0,0,114,Saturday,1,0,1
14-02-2026,1:00 PM,Class2,0,0,0,0,0,2,Saturday,1,0,0
14-02-2026,1:00 PM,Class3,0,1,0,0,1,429,Saturday,1,0,1
14-02-2026,1:00 PM,Lab1,0,0,0,0,0,6,Saturday,1,0,0
14-02-2026,1:00 PM,Lab2,0,0,0,0,0,1,Saturday,1,0,0
14-02-2026,1:00 PM,StaffRoom,1,1,0,0,0,121,Saturday,1,0,0
14-02-2026,2:00 PM,Class1,0,1,0,0,0,119,Saturday,0,0,1
14-02-2026,2:00 PM,Class2,0,0,0,0,0,9,Saturday,0,0,0
14-02-2026,2:00 PM,Class3,1,1,1,0,0,172,Saturday,0,0,0
14-02-2026,2:00 PM,Lab1,0,0,0,0,1,298,Saturday,0,0,1
14-02-2026,2:00 PM,Lab2,0,0,1,0,0,65,Saturday,0,0,1
14-02-2026,2:00 PM,StaffRoom,0,0,0,0,0,0,Saturday,0,0,0
14-02-2026,3:00 PM,Class1,1,1,1,0,1,472,Saturday,0,0,0
14-02-2026,3:00 PM,Class2,0,0,0,0,0,7,Saturday,0,0,0
14-02-2026,3:00 PM,Class3,0,0,0,0,0,0,Saturday,0,0,0
14-02-2026,3:00 PM,Lab1,1,1,1,0,1,475,Saturday,0,0,0
14-02-2026,3:00 PM,Lab2,1,1,1,0,0,189,Saturday,0,0,0
14-02-2026,3:00 PM,StaffRoom,1,1,1,0,0,179,Saturday,0,0,0
14-02-2026,4:00 PM,Class1,1,1,1,0,0,178,Saturday,0,0,0
14-02-2026,4:00 PM,Class2,0,0,0,0,0,0,Saturday,0,0,0
14-02-2026,4:00 PM,Class3,1,1,1,0,0,177,Saturday,0,0,0
14-02-2026,4:00 PM,Lab1,0,1,0,0,1,416,Saturday,0,0,1
14-02-2026,4:00 PM,Lab2,0,0,1,0,0,57,Saturday,0,0,1
14-02-2026,4:00 PM,StaffRoom,1,1,1,0,0,187,Saturday,0,0,0
14-02-2026,5:00 PM,Class1,0,1,1,0,0,170,Saturday,0,1,1
14-02-2026,5:00 PM,Class2,1,1,1,0,1,475,Saturday,0,1,0
14-02-2026,5:00 PM,Class3,1,1,1,0,1,471,Saturday,0,1,0
14-02-2026,5:00 PM,Lab1,0,0,1,0,0,65,Saturday,0,1,1
14-02-2026,5:00 PM,Lab2,1,1,1,0,0,188,Saturday,0,1,0
14-02-2026,5:00 PM,StaffRoom,1,1,1,0,0,179,Saturday,0,1,0
16-02-2026,8:00 AM,Class1,1,1,1,0,1,471,Monday,0,0,0
16-02-2026,8:00 AM,Class2,1,1,1,0,1,473,Monday,0,0,0
16-02-2026,8:00 AM,Class3,0,0,0,0,0,2,Monday,0,0,0
16-02-2026,8:00 AM,Lab1,0,0,0,0,0,2,Monday,0,0,0
16-02-2026,8:00 AM,Lab2,1,1,1,0,1,485,Monday,0,0,0
16-02-2026,8:00 AM,StaffRoom,1,1,1,0,0,175,Monday,0,0,0
16-02-2026,9:00 AM,Class1,1,1,1,0,0,179,Monday,0,0,0
16-02-2026,9:00 AM,Class2,1,1,1,0,1,474,Monday,0,0,0
16-02-2026,9:00 AM,Class3,1,1,1,0,1,471,Monday,0,0,0
16-02-2026,9:00 AM,Lab1,1,1,1,0,1,482,Monday,0,0,0
16-02-2026,9:00 AM,Lab2,1,1,1,0,0,184,Monday,0,0,0
16-02-2026,9:00 AM,StaffRoom,1,1,1,0,0,178,Monday,0,0,0
16-02-2026,10:00 AM,Class1,1,1,1,0,0,190,Monday,1,0,0
16-02-2026,10:00 AM,Class2,1,0,1,0,1,364,Monday,1,0,0
16-02-2026,10:00 AM,Class3,1,1,1,0,0,185,Monday,1,0,0
16-02-2026,10:00 AM,Lab1,1,1,1,0,1,472,Monday,1,0,0
16-02-2026,10:00 AM,Lab2,1,0,1,0,0,65,Monday,1,0,0
16-02-2026,10:00 AM,StaffRoom,1,1,0,0,0,114,Monday,1,0,0
16-02-2026,11:00 AM,Class1,0,1,0,0,0,119,Monday,0,0,1
16-02-2026,11:00 AM,Class2,0,1,1,0,0,184,Monday,0,0,1
16-02-2026,11:00 AM,Class3,0,0,0,0,0,0,Monday,0,0,0
16-02-2026,11:00 AM,Lab1,1,1,1,0,0,190,Monday,0,0,0
16-02-2026,11:00 AM,Lab2,0,0,0,0,0,2,Monday,0,0,0
16-02-2026,11:00 AM,StaffRoom,0,1,0,0,0,117,Monday,0,0,1
16-02-2026,12:00 PM,Class1,1,1,1,0,1,480,Monday,0,0,0
16-02-2026,12:00 PM,Class2,1,1,1,0,0,170,Monday,0,0,0
16-02-2026,12:00 PM,Class3,0,0,1,0,0,70,Monday,0,0,1
16-02-2026,12:00 PM,Lab1,1,1,1,0,1,478,Monday,0,0,0
16-02-2026,12:00 PM,Lab2,1,1,1,0,1,481,Monday,0,0,0
16-02-2026,12:00 PM,StaffRoom,1,1,1,0,0,184,Monday,0,0,0
16-02-2026,1:00 PM,Class1,0,0,0,0,0,0,Monday,1,0,0
16-02-2026,1:00 PM,Class2,0,0,0,0,0,0,Monday,1,0,0
16-02-2026,1:00 PM,Class3,0,0,1,0,1,364,Monday,1,0,1
16-02-2026,1:00 PM,Lab1,0,1,0,0,0,121,Monday,1,0,1
16-02-2026,1:00 PM,Lab2,0,0,0,0,1,302,Monday,1,0,1
16-02-2026,1:00 PM,StaffRoom,0,1,1,0,0,183,Monday,1,0,1
16-02-2026,2:00 PM,Class1,0,1,0,0,0,116,Monday,0,0,1
16-02-2026,2:00 PM,Class2,0,1,0,0,0,113,Monday,0,0,1
16-02-2026,2:00 PM,Class3,0,0,1,0,1,368,Monday,0,0,1
16-02-2026,2:00 PM,Lab1,0,0,1,0,1,369,Monday,0,0,1
16-02-2026,2:00 PM,Lab2,0,0,0,0,0,0,Monday,0,0,0
16-02-2026,2:00 PM,StaffRoom,0,1,0,0,0,124,Monday,0,0,1
16-02-2026,3:00 PM,Class1,1,1,1,0,0,172,Monday,0,0,0
16-02-2026,3:00 PM,Class2,1,1,1,0,0,182,Monday,0,0,0
16-02-2026,3:00 PM,Class3,1,1,1,0,0,173,Monday,0,0,0
16-02-2026,3:00 PM,Lab1,1,1,1,0,0,180,Monday,0,0,0
16-02-2026,3:00 PM,Lab2,1,0,1,0,0,54,Monday,0,0,0
16-02-2026,3:00 PM,StaffRoom,1,0,1,0,0,55,Monday,0,0,0
16-02-2026,4:00 PM,Class1,1,0,1,0,0,57,Monday,0,0,0
16-02-2026,4:00 PM,Class2,1,1,1,0,0,185,Monday,0,0,0
16-02-2026,4:00 PM,Class3,0,0,0,0,0,0,Monday,0,0,0
16-02-2026,4:00 PM,Lab1,1,1,1,0,0,175,Monday,0,0,0
16-02-2026,4:00 PM,Lab2,0,1,0,0,1,423,Monday,0,0,1
16-02-2026,4:00 PM,StaffRoom,0,1,0,0,0,118,Monday,0,0,1
16-02-2026,5:00 PM,Class1,0,1,0,0,0,112,Monday,0,1,1
16-02-2026,5:00 PM,Class2,1,1,1,0,0,175,Monday,0,1,0
16-02-2026,5:00 PM,Class3,0,0,0,0,0,7,Monday,0,1,0
16-02-2026,5:00 PM,Lab1,1,1,0,0,0,117,Monday,0,1,0
16-02-2026,5:00 PM,Lab2,1,1,1,0,1,483,Monday,0,1,0
16-02-2026,5:00 PM,StaffRoom,0,1,0,0,0,122,Monday,0,1,1
17-02-2026,8:00 AM,Class1,0,0,1,0,0,53,Tuesday,0,0,1
17-02-2026,8:00 AM,Class2,0,0,0,0,0,3,Tuesday,0,0,0
17-02-2026,8:00 AM,Class3,1,1,1,0,0,185,Tuesday,0,0,0
17-02-2026,8:00 AM,Lab1,1,1,1,0,1,475,Tuesday,0,0,0
17-02-2026,8:00 AM,Lab2,0,0,0,0,0,9,Tuesday,0,0,0
17-02-2026,8:00 AM,StaffRoom,1,1,1,0,0,176,Tuesday,0,0,0
17-02-2026,9:00 AM,Class1,0,1,0,0,0,127,Tuesday,0,0,1
17-02-2026,9:00 AM,Class2,1,1,1,0,1,479,Tuesday,0,0,0
17-02-2026,9:00 AM,Class3,1,1,1,0,0,181,Tuesday,0,0,0
17-02-2026,9:00 AM,Lab1,1,1,1,0,0,173,Tuesday,0,0,0
17-02-2026,9:00 AM,Lab2,1,1,1,0,1,487,Tuesday,0,0,0
17-02-2026,9:00 AM,StaffRoom,1,0,1,0,0,53,Tuesday,0,0,0
17-02-2026,10:00 AM,Class1,1,1,1,0,0,173,Tuesday,1,0,0
17-02-2026,10:00 AM,Class2,1,1,1,0,0,183,Tuesday,1,0,0
17-02-2026,10:00 AM,Class3,1,1,0,0,1,418,Tuesday,1,0,0
17-02-2026,10:00 AM,Lab1,1,1,0,0,1,422,Tuesday,1,0,0
17-02-2026,10:00 AM,Lab2,1,1,1,0,1,479,Tuesday,1,0,0
17-02-2026,10:00 AM,StaffRoom,1,1,1,0,0,190,Tuesday,1,0,0
17-02-2026,11:00 AM,Class1,0,0,0,0,0,0,Tuesday,0,0,0
17-02-2026,11:00 AM,Class2,0,0,0,0,1,302,Tuesday,0,0,1
17-02-2026,11:00 AM,Class3,0,0,0,0,1,310,Tuesday,0,0,1
17-02-2026,11:00 AM,Lab1,0,1,1,0,0,175,Tuesday,0,0,1
17-02-2026,11:00 AM,Lab2,0,0,1,0,1,353,Tuesday,0,0,1
17-02-2026,11:00 AM,StaffRoom,0,0,1,0,0,51,Tuesday,0,0,1
17-02-2026,12:00 PM,Class1,1,1,0,0,0,120,Tuesday,0,0,0
17-02-2026,12:00 PM,Class2,1,0,1,0,0,50,Tuesday,0,0,0
17-02-2026,12:00 PM,Class3,0,0,0,0,0,0,Tuesday,0,0,0
17-02-2026,12:00 PM,Lab1,1,1,0,0,1,423,Tuesday,0,0,0
17-02-2026,12:00 PM,Lab2,1,1,1,0,0,176,Tuesday,0,0,0
17-02-2026,12:00 PM,StaffRoom,1,1,1,0,0,190,Tuesday,0,0,0
17-02-2026,1:00 PM,Class1,0,0,0,0,0,4,Tuesday,1,0,0
17-02-2026,1:00 PM,Class2,0,0,0,0,0,0,Tuesday,1,0,0
17-02-2026,1:00 PM,Class3,0,0,1,0,0,50,Tuesday,1,0,1
17-02-2026,1:00 PM,Lab1,0,0,1,0,0,50,Tuesday,1,0,1
17-02-2026,1:00 PM,Lab2,0,0,0,0,0,0,Tuesday,1,0,0
17-02-2026,1:00 PM,StaffRoom,0,0,0,0,0,4,Tuesday,1,0,0
17-02-2026,2:00 PM,Class1,0,1,0,0,1,411,Tuesday,0,0,1
17-02-2026,2:00 PM,Class2,0,0,0,0,0,3,Tuesday,0,0,0
17-02-2026,2:00 PM,Class3,0,0,0,0,0,0,Tuesday,0,0,0
17-02-2026,2:00 PM,Lab1,0,1,0,0,0,124,Tuesday,0,0,1
17-02-2026,2:00 PM,Lab2,0,0,0,0,1,300,Tuesday,0,0,1
17-02-2026,2:00 PM,StaffRoom,0,0,0,0,0,0,Tuesday,0,0,0
17-02-2026,3:00 PM,Class1,1,1,0,0,1,415,Tuesday,0,0,0
17-02-2026,3:00 PM,Class2,1,1,0,0,0,112,Tuesday,0,0,0
17-02-2026,3:00 PM,Class3,1,1,0,0,0,124,Tuesday,0,0,0
17-02-2026,3:00 PM,Lab1,1,1,1,0,1,487,Tuesday,0,0,0
17-02-2026,3:00 PM,Lab2,1,1,1,0,0,172,Tuesday,0,0,0
17-02-2026,3:00 PM,StaffRoom,0,0,0,0,0,0,Tuesday,0,0,0
17-02-2026,4:00 PM,Class1,1,1,1,0,1,487,Tuesday,0,0,0
17-02-2026,4:00 PM,Class2,1,1,1,0,1,474,Tuesday,0,0,0
17-02-2026,4:00 PM,Class3,0,1,0,0,0,120,Tuesday,0,0,1
17-02-2026,4:00 PM,Lab1,1,1,0,0,0,114,Tuesday,0,0,0
17-02-2026,4:00 PM,Lab2,1,1,1,0,1,487,Tuesday,0,0,0
17-02-2026,4:00 PM,StaffRoom,1,1,1,0,0,187,Tuesday,0,0,0
17-02-2026,5:00 PM,Class1,0,0,1,0,0,52,Tuesday,0,1,1
17-02-2026,5:00 PM,Class2,1,1,1,0,1,480,Tuesday,0,1,0
17-02-2026,5:00 PM,Class3,0,0,0,0,0,0,Tuesday,0,1,0
17-02-2026,5:00 PM,Lab1,1,1,1,0,0,181,Tuesday,0,1,0
17-02-2026,5:00 PM,Lab2,1,1,1,0,1,481,Tuesday,0,1,0
17-02-2026,5:00 PM,StaffRoom,0,0,1,0,0,53,Tuesday,0,1,1
18-02-2026,8:00 AM,Class1,0,0,0,0,0,9,Wednesday,0,0,0
18-02-2026,8:00 AM,Class2,0,0,1,0,1,355,Wednesday,0,0,1
18-02-2026,8:00 AM,Class3,1,1,0,0,0,116,Wednesday,0,0,0
18-02-2026,8:00 AM,Lab1,1,1,1,0,1,480,Wednesday,0,0,0
18-02-2026,8:00 AM,Lab2,0,1,0,0,0,115,Wednesday,0,0,1
18-02-2026,8:00 AM,StaffRoom,0,0,0,0,0,0,Wednesday,0,0,0
18-02-2026,9:00 AM,Class1,1,1,0,0,1,418,Wednesday,0,0,0
18-02-2026,9:00 AM,Class2,1,1,1,0,0,180,Wednesday,0,0,0
18-02-2026,9:00 AM,Class3,1,0,1,0,0,65,Wednesday,0,0,0
18-02-2026,9:00 AM,Lab1,0,1,0,0,0,125,Wednesday,0,0,1
18-02-2026,9:00 AM,Lab2,1,1,0,0,0,111,Wednesday,0,0,0
18-02-2026,9:00 AM,StaffRoom,1,1,1,0,0,171,Wednesday,0,0,0
18-02-2026,10:00 AM,Class1,1,1,0,0,1,426,Wednesday,1,0,0
18-02-2026,10:00 AM,Class2,1,1,0,0,1,427,Wednesday,1,0,0
18-02-2026,10:00 AM,Class3,1,1,1,0,1,476,Wednesday,1,0,0
18-02-2026,10:00 AM,Lab1,1,1,0,0,0,117,Wednesday,1,0,0
18-02-2026,10:00 AM,Lab2,1,1,1,0,0,178,Wednesday,1,0,0
18-02-2026,10:00 AM,StaffRoom,1,1,1,0,0,178,Wednesday,1,0,0
18-02-2026,11:00 AM,Class1,0,0,0,0,0,7,Wednesday,0,0,0
18-02-2026,11:00 AM,Class2,0,0,0,0,0,0,Wednesday,0,0,0
18-02-2026,11:00 AM,Class3,0,0,1,0,1,352,Wednesday,0,0,1
18-02-2026,11:00 AM,Lab1,0,0,0,0,1,308,Wednesday,0,0,1
18-02-2026,11:00 AM,Lab2,0,0,0,0,0,8,Wednesday,0,0,0
18-02-2026,11:00 AM,StaffRoom,0,0,1,0,0,50,Wednesday,0,0,1
18-02-2026,12:00 PM,Class1,1,1,0,0,0,126,Wednesday,0,0,0
18-02-2026,12:00 PM,Class2,1,1,1,0,0,190,Wednesday,0,0,0
18-02-2026,12:00 PM,Class3,1,1,1,0,1,470,Wednesday,0,0,0
18-02-2026,12:00 PM,Lab1,1,1,1,0,1,470,Wednesday,0,0,0
18-02-2026,12:00 PM,Lab2,1,1,0,0,0,113,Wednesday,0,0,0
18-02-2026,12:00 PM,StaffRoom,1,1,1,0,0,183,Wednesday,0,0,0
18-02-2026,1:00 PM,Class1,0,0,0,0,1,310,Wednesday,1,0,1
18-02-2026,1:00 PM,Class2,0,0,0,0,0,3,Wednesday,1,0,0
18-02-2026,1:00 PM,Class3,0,0,0,0,0,0,Wednesday,1,0,0
18-02-2026,1:00 PM,Lab1,0,0,0,0,1,303,Wednesday,1,0,1
18-02-2026,1:00 PM,Lab2,0,0,1,0,0,63,Wednesday,1,0,1
18-02-2026,1:00 PM,StaffRoom,0,0,1,0,0,62,Wednesday,1,0,1
18-02-2026,2:00 PM,Class1,0,0,0,0,0,2,Wednesday,0,0,0
18-02-2026,2:00 PM,Class2,0,1,0,0,0,119,Wednesday,0,0,1
18-02-2026,2:00 PM,Class3,0,1,0,0,0,113,Wednesday,0,0,1
18-02-2026,2:00 PM,Lab1,0,0,0,0,1,301,Wednesday,0,0,1
18-02-2026,2:00 PM,Lab2,0,0,0,0,1,301,Wednesday,0,0,1
18-02-2026,2:00 PM,StaffRoom,0,0,0,0,0,0,Wednesday,0,0,0
18-02-2026,3:00 PM,Class1,0,0,0,0,0,0,Wednesday,0,0,0
18-02-2026,3:00 PM,Class2,1,1,0,0,1,416,Wednesday,0,0,0
18-02-2026,3:00 PM,Class3,1,1,1,0,1,482,Wednesday,0,0,0
18-02-2026,3:00 PM,Lab1,1,1,1,0,0,189,Wednesday,0,0,0
18-02-2026,3:00 PM,Lab2,1,1,1,0,0,179,Wednesday,0,0,0
18-02-2026,3:00 PM,StaffRoom,1,1,1,0,0,176,Wednesday,0,0,0
18-02-2026,4:00 PM,Class1,1,1,1,0,1,484,Wednesday,0,0,0
18-02-2026,4:00 PM,Class2,1,1,1,0,0,184,Wednesday,0,0,0
18-02-2026,4:00 PM,Class3,1,1,1,0,0,185,Wednesday,0,0,0
18-02-2026,4:00 PM,Lab1,1,1,1,0,0,171,Wednesday,0,0,0
18-02-2026,4:00 PM,Lab2,0,0,1,0,1,352,Wednesday,0,0,1
18-02-2026,4:00 PM,StaffRoom,1,1,1,0,0,170,Wednesday,0,0,0
18-02-2026,5:00 PM,Class1,1,0,1,0,0,59,Wednesday,0,1,0
18-02-2026,5:00 PM,Class2,1,1,1,0,0,176,Wednesday,0,1,0
18-02-2026,5:00 PM,Class3,0,1,0,0,1,421,Wednesday,0,1,1
18-02-2026,5:00 PM,Lab1,1,1,1,0,0,172,Wednesday,0,1,0
18-02-2026,5:00 PM,Lab2,0,0,1,0,1,354,Wednesday,0,1,1
18-02-2026,5:00 PM,StaffRoom,0,0,1,0,0,66,Wednesday,0,1,1
19-02-2026,8:00 AM,Class1,0,0,0,0,0,5,Thursday,0,0,0
19-02-2026,8:00 AM,Class2,1,1,1,0,1,484,Thursday,0,0,0
19-02-2026,8:00 AM,Class3,1,1,1,0,1,483,Thursday,0,0,0
19-02-2026,8:00 AM,Lab1,0,0,1,0,0,61,Thursday,0,0,1
19-02-2026,8:00 AM,Lab2,0,0,0,0,0,2,Thursday,0,0,0
19-02-2026,8:00 AM,StaffRoom,1,1,1,0,0,182,Thursday,0,0,0
19-02-2026,9:00 AM,Class1,0,1,0,0,1,417,Thursday,0,0,1
19-02-2026,9:00 AM,Class2,1,1,1,0,0,179,Thursday,0,0,0
19-02-2026,9:00 AM,Class3,1,1,1,0,1,470,Thursday,0,0,0
19-02-2026,9:00 AM,Lab1,1,1,1,0,0,185,Thursday,0,0,0
19-02-2026,9:00 AM,Lab2,1,1,1,0,1,478,Thursday,0,0,0
19-02-2026,9:00 AM,StaffRoom,1,1,1,0,0,180,Thursday,0,0,0
19-02-2026,10:00 AM,Class1,1,1,1,0,0,185,Thursday,1,0,0
19-02-2026,10:00 AM,Class2,1,1,1,0,0,185,Thursday,1,0,0
19-02-2026,10:00 AM,Class3,1,1,1,0,1,481,Thursday,1,0,0
19-02-2026,10:00 AM,Lab1,1,1,1,0,0,174,Thursday,1,0,0
19-02-2026,10:00 AM,Lab2,1,1,1,0,1,473,Thursday,1,0,0
19-02-2026,10:00 AM,StaffRoom,1,1,1,0,0,174,Thursday,1,0,0
19-02-2026,11:00 AM,Class1,1,1,1,0,0,179,Thursday,0,0,0
19-02-2026,11:00 AM,Class2,0,0,1,0,0,65,Thursday,0,0,1
19-02-2026,11:00 AM,Class3,0,0,0,0,0,8,Thursday,0,0,0
19-02-2026,11:00 AM,Lab1,1,1,1,0,1,485,Thursday,0,0,0
19-02-2026,11:00 AM,Lab2,0,1,1,0,0,177,Thursday,0,0,1
19-02-2026,11:00 AM,StaffRoom,0,0,1,0,0,52,Thursday,0,0,1
19-02-2026,12:00 PM,Class1,0,0,0,0,0,8,Thursday,0,0,0
19-02-2026,12:00 PM,Class2,1,1,1,0,1,490,Thursday,0,0,0
19-02-2026,12:00 PM,Class3,1,1,1,0,0,183,Thursday,0,0,0
19-02-2026,12:00 PM,Lab1,1,0,1,0,1,369,Thursday,0,0,0
19-02-2026,12:00 PM,Lab2,1,1,1,0,1,487,Thursday,0,0,0
19-02-2026,12:00 PM,StaffRoom,1,1,1,0,0,187,Thursday,0,0,0
19-02-2026,1:00 PM,Class1,0,1,0,0,0,113,Thursday,1,0,1
19-02-2026,1:00 PM,Class2,0,0,0,0,1,304,Thursday,1,0,1
19-02-2026,1:00 PM,Class3,0,0,1,0,1,366,Thursday,1,0,1
19-02-2026,1:00 PM,Lab1,0,0,0,0,0,5,Thursday,1,0,0
19-02-2026,1:00 PM,Lab2,0,0,0,0,0,0,Thursday,1,0,0
19-02-2026,1:00 PM,StaffRoom,0,1,1,0,0,177,Thursday,1,0,1
19-02-2026,2:00 PM,Class1,0,0,1,0,0,55,Thursday,0,0,1
19-02-2026,2:00 PM,Class2,0,0,0,0,1,310,Thursday,0,0,1
19-02-2026,2:00 PM,Class3,0,1,0,0,0,110,Thursday,0,0,1
19-02-2026,2:00 PM,Lab1,0,0,0,0,0,0,Thursday,0,0,0
19-02-2026,2:00 PM,Lab2,1,1,1,0,0,180,Thursday,0,0,0
19-02-2026,2:00 PM,StaffRoom,0,0,1,0,0,66,Thursday,0,0,1
19-02-2026,3:00 PM,Class1,1,1,1,0,1,473,Thursday,0,0,0
19-02-2026,3:00 PM,Class2,1,1,1,0,1,481,Thursday,0,0,0
19-02-2026,3:00 PM,Class3,1,1,1,0,1,478,Thursday,0,0,0
19-02-2026,3:00 PM,Lab1,1,1,1,0,0,176,Thursday,0,0,0
19-02-2026,3:00 PM,Lab2,1,1,1,0,1,471,Thursday,0,0,0
19-02-2026,3:00 PM,StaffRoom,0,0,1,0,0,52,Thursday,0,0,1
19-02-2026,4:00 PM,Class1,0,0,0,0,0,10,Thursday,0,0,0
19-02-2026,4:00 PM,Class2,1,0,1,0,1,363,Thursday,0,0,0
19-02-2026,4:00 PM,Class3,1,1,1,0,0,185,Thursday,0,0,0
19-02-2026,4:00 PM,Lab1,0,0,1,0,0,57,Thursday,0,0,1
19-02-2026,4:00 PM,Lab2,1,1,1,0,1,488,Thursday,0,0,0
19-02-2026,4:00 PM,StaffRoom,1,0,1,0,0,70,Thursday,0,0,0
19-02-2026,5:00 PM,Class1,0,0,0,0,0,2,Thursday,0,1,0
19-02-2026,5:00 PM,Class2,0,1,1,0,0,170,Thursday,0,1,1
19-02-2026,5:00 PM,Class3,0,1,1,0,1,471,Thursday,0,1,1
19-02-2026,5:00 PM,Lab1,1,1,0,0,0,124,Thursday,0,1,0
19-02-2026,5:00 PM,Lab2,0,0,0,0,0,1,Thursday,0,1,0
19-02-2026,5:00 PM,StaffRoom,0,0,0,0,0,0,Thursday,0,1,0
20-02-2026,8:00 AM,Class1,0,0,0,0,0,0,Friday,0,0,0
20-02-2026,8:00 AM,Class2,1,1,1,0,1,483,Friday,0,0,0
20-02-2026,8:00 AM,Class3,1,1,1,0,0,189,Friday,0,0,0
20-02-2026,8:00 AM,Lab1,1,1,1,0,1,470,Friday,0,0,0
20-02-2026,8:00 AM,Lab2,0,0,0,0,0,0,Friday,0,0,0
20-02-2026,8:00 AM,StaffRoom,0,0,0,0,0,0,Friday,0,0,0
20-02-2026,9:00 AM,Class1,1,1,1,0,1,478,Friday,0,0,0
20-02-2026,9:00 AM,Class2,1,1,1,0,0,181,Friday,0,0,0
20-02-2026,9:00 AM,Class3,1,1,1,0,1,485,Friday,0,0,0
20-02-2026,9:00 AM,Lab1,1,1,1,0,1,488,Friday,0,0,0
20-02-2026,9:00 AM,Lab2,1,1,0,0,1,428,Friday,0,0,0
20-02-2026,9:00 AM,StaffRoom,1,1,1,0,0,179,Friday,0,0,0
20-02-2026,10:00 AM,Class1,1,1,1,0,0,181,Friday,1,0,0
20-02-2026,10:00 AM,Class2,1,0,1,0,1,370,Friday,1,0,0
20-02-2026,10:00 AM,Class3,1,1,1,0,1,474,Friday,1,0,0
20-02-2026,10:00 AM,Lab1,1,1,1,0,0,175,Friday,1,0,0
20-02-2026,10:00 AM,Lab2,1,1,0,0,1,415,Friday,1,0,0
20-02-2026,10:00 AM,StaffRoom,1,1,1,0,0,177,Friday,1,0,0
20-02-2026,11:00 AM,Class1,0,1,0,0,0,110,Friday,0,0,1
20-02-2026,11:00 AM,Class2,0,1,0,0,0,115,Friday,0,0,1
20-02-2026,11:00 AM,Class3,0,1,1,0,1,474,Friday,0,0,1
20-02-2026,11:00 AM,Lab1,1,1,1,0,1,473,Friday,0,0,0
20-02-2026,11:00 AM,Lab2,0,0,0,0,0,0,Friday,0,0,0
20-02-2026,11:00 AM,StaffRoom,0,1,1,0,0,182,Friday,0,0,1
20-02-2026,12:00 PM,Class1,1,1,1,0,0,174,Friday,0,0,0
20-02-2026,12:00 PM,Class2,0,1,0,0,0,115,Friday,0,0,1
20-02-2026,12:00 PM,Class3,1,1,1,0,1,485,Friday,0,0,0
20-02-2026,12:00 PM,Lab1,1,1,1,0,0,182,Friday,0,0,0
20-02-2026,12:00 PM,Lab2,1,0,1,0,1,370,Friday,0,0,0
20-02-2026,12:00 PM,StaffRoom,1,1,0,0,0,126,Friday,0,0,0
20-02-2026,1:00 PM,Class1,0,1,1,0,0,172,Friday,1,0,1
20-02-2026,1:00 PM,Class2,0,0,0,0,0,0,Friday,1,0,0
20-02-2026,1:00 PM,Class3,0,0,0,0,1,302,Friday,1,0,1
20-02-2026,1:00 PM,Lab1,0,0,0,0,1,298,Friday,1,0,1
20-02-2026,1:00 PM,Lab2,0,0,0,0,0,5,Friday,1,0,0
20-02-2026,1:00 PM,StaffRoom,0,0,0,0,0,8,Friday,1,0,0
20-02-2026,2:00 PM,Class1,0,1,0,0,1,423,Friday,0,0,1
20-02-2026,2:00 PM,Class2,0,0,1,0,1,351,Friday,0,0,1
20-02-2026,2:00 PM,Class3,0,0,0,0,0,0,Friday,0,0,0
20-02-2026,2:00 PM,Lab1,0,0,1,0,0,54,Friday,0,0,1
20-02-2026,2:00 PM,Lab2,0,0,0,0,1,302,Friday,0,0,1
20-02-2026,2:00 PM,StaffRoom,0,1,0,0,0,130,Friday,0,0,1
20-02-2026,3:00 PM,Class1,1,1,1,0,1,472,Friday,0,0,0
20-02-2026,3:00 PM,Class2,0,0,0,0,0,10,Friday,0,0,0
20-02-2026,3:00 PM,Class3,0,1,1,0,1,490,Friday,0,0,1
20-02-2026,3:00 PM,Lab1,1,1,1,0,1,490,Friday,0,0,0
20-02-2026,3:00 PM,Lab2,1,0,1,0,1,352,Friday,0,0,0
20-02-2026,3:00 PM,StaffRoom,1,0,1,0,0,68,Friday,0,0,0
20-02-2026,4:00 PM,Class1,1,1,1,0,0,170,Friday,0,0,0
20-02-2026,4:00 PM,Class2,1,1,0,0,0,116,Friday,0,0,0
20-02-2026,4:00 PM,Class3,0,1,1,0,1,485,Friday,0,0,1
20-02-2026,4:00 PM,Lab1,0,0,0,0,0,0,Friday,0,0,0
20-02-2026,4:00 PM,Lab2,0,1,0,0,1,425,Friday,0,0,1
20-02-2026,4:00 PM,StaffRoom,1,1,1,0,0,190,Friday,0,0,0
20-02-2026,5:00 PM,Class1,1,1,1,0,1,488,Friday,0,1,0
20-02-2026,5:00 PM,Class2,0,1,1,0,0,177,Friday,0,1,1
20-02-2026,5:00 PM,Class3,0,1,0,0,1,410,Friday,0,1,1
20-02-2026,5:00 PM,Lab1,1,1,0,0,1,429,Friday,0,1,0
20-02-2026,5:00 PM,Lab2,0,1,0,0,1,429,Friday,0,1,1
20-02-2026,5:00 PM,StaffRoom,0,1,1,0,0,186,Friday,0,1,1
21-02-2026,8:00 AM,Class1,1,0,1,0,0,67,Saturday,0,0,0
21-02-2026,8:00 AM,Class2,1,0,1,0,0,58,Saturday,0,0,0
21-02-2026,8:00 AM,Class3,1,1,0,0,0,130,Saturday,0,0,0
21-02-2026,8:00 AM,Lab1,0,0,0,0,1,310,Saturday,0,0,1
21-02-2026,8:00 AM,Lab2,1,1,1,0,0,176,Saturday,0,0,0
21-02-2026,8:00 AM,StaffRoom,1,1,1,0,0,189,Saturday,0,0,0
21-02-2026,9:00 AM,Class1,1,1,1,0,1,478,Saturday,0,0,0
21-02-2026,9:00 AM,Class2,0,0,1,0,0,61,Saturday,0,0,1
21-02-2026,9:00 AM,Class3,1,1,1,0,1,476,Saturday,0,0,0
21-02-2026,9:00 AM,Lab1,1,1,1,0,0,173,Saturday,0,0,0
21-02-2026,9:00 AM,Lab2,0,0,0,0,1,295,Saturday,0,0,1
21-02-2026,9:00 AM,StaffRoom,1,1,1,0,0,181,Saturday,0,0,0
21-02-2026,10:00 AM,Class1,1,1,1,0,0,174,Saturday,1,0,0
21-02-2026,10:00 AM,Class2,1,1,1,0,0,189,Saturday,1,0,0
21-02-2026,10:00 AM,Class3,1,1,1,0,0,173,Saturday,1,0,0
21-02-2026,10:00 AM,Lab1,0,0,1,0,0,50,Saturday,1,0,1
21-02-2026,10:00 AM,Lab2,1,1,1,0,0,181,Saturday,1,0,0
21-02-2026,10:00 AM,StaffRoom,1,1,1,0,0,179,Saturday,1,0,0
21-02-2026,11:00 AM,Class1,0,0,0,0,0,0,Saturday,0,0,0
21-02-2026,11:00 AM,Class2,0,1,0,0,0,111,Saturday,0,0,1
21-02-2026,11:00 AM,Class3,1,1,1,0,1,479,Saturday,0,0,0
21-02-2026,11:00 AM,Lab1,1,0,1,0,0,52,Saturday,0,0,0
21-02-2026,11:00 AM,Lab2,0,1,1,0,1,476,Saturday,0,0,1
21-02-2026,11:00 AM,StaffRoom,0,0,1,0,0,61,Saturday,0,0,1
21-02-2026,12:00 PM,Class1,1,1,1,0,1,475,Saturday,0,0,0
21-02-2026,12:00 PM,Class2,1,1,1,0,1,483,Saturday,0,0,0
21-02-2026,12:00 PM,Class3,1,1,1,0,0,189,Saturday,0,0,0
21-02-2026,12:00 PM,Lab1,1,1,1,0,1,475,Saturday,0,0,0
21-02-2026,12:00 PM,Lab2,0,0,1,0,0,55,Saturday,0,0,1
21-02-2026,12:00 PM,StaffRoom,1,1,1,0,0,177,Saturday,0,0,0
21-02-2026,1:00 PM,Class1,0,0,1,0,0,58,Saturday,1,0,1
21-02-2026,1:00 PM,Class2,1,1,1,0,0,185,Saturday,1,0,0
21-02-2026,1:00 PM,Class3,1,1,0,0,1,416,Saturday,1,0,0
21-02-2026,1:00 PM,Lab1,0,0,1,0,0,66,Saturday,1,0,1
21-02-2026,1:00 PM,Lab2,0,1,1,0,1,476,Saturday,1,0,1
21-02-2026,1:00 PM,StaffRoom,0,0,0,0,0,2,Saturday,1,0,0
21-02-2026,2:00 PM,Class1,0,0,0,0,0,0,Saturday,0,0,0
21-02-2026,2:00 PM,Class2,0,0,1,0,0,54,Saturday,0,0,1
21-02-2026,2:00 PM,Class3,1,1,1,0,1,477,Saturday,0,0,0
21-02-2026,2:00 PM,Lab1,0,0,1,0,0,69,Saturday,0,0,1
21-02-2026,2:00 PM,Lab2,0,0,0,0,0,4,Saturday,0,0,0
21-02-2026,2:00 PM,StaffRoom,0,0,0,0,0,0,Saturday,0,0,0
21-02-2026,3:00 PM,Class1,1,1,0,0,0,129,Saturday,0,0,0
21-02-2026,3:00 PM,Class2,1,1,1,0,0,185,Saturday,0,0,0
21-02-2026,3:00 PM,Class3,0,0,0,0,1,298,Saturday,0,0,1
21-02-2026,3:00 PM,Lab1,1,1,1,0,0,183,Saturday,0,0,0
21-02-2026,3:00 PM,Lab2,1,1,1,0,1,483,Saturday,0,0,0
21-02-2026,3:00 PM,StaffRoom,1,1,1,0,0,184,Saturday,0,0,0
21-02-2026,4:00 PM,Class1,1,1,1,0,0,186,Saturday,0,0,0
21-02-2026,4:00 PM,Class2,0,1,0,0,0,128,Saturday,0,0,1
21-02-2026,4:00 PM,Class3,1,1,1,0,1,482,Saturday,0,0,0
21-02-2026,4:00 PM,Lab1,1,1,1,0,1,488,Saturday,0,0,0
21-02-2026,4:00 PM,Lab2,1,1,1,0,1,476,Saturday,0,0,0
21-02-2026,4:00 PM,StaffRoom,1,0,1,0,0,50,Saturday,0,0,0
21-02-2026,5:00 PM,Class1,0,0,0,0,0,4,Saturday,0,1,0
21-02-2026,5:00 PM,Class2,0,1,0,0,0,122,Saturday,0,1,1
21-02-2026,5:00 PM,Class3,0,0,0,0,1,298,Saturday,0,1,1
21-02-2026,5:00 PM,Lab1,0,0,1,0,0,62,Saturday,0,1,1
21-02-2026,5:00 PM,Lab2,0,0,0,0,1,297,Saturday,0,1,1
21-02-2026,5:00 PM,StaffRoom,1,0,1,0,0,58,Saturday,0,1,0
23-02-2026,8:00 AM,Class1,1,1,1,0,0,178,Monday,0,0,0
23-02-2026,8:00 AM,Class2,0,0,1,0,0,60,Monday,0,0,1
23-02-2026,8:00 AM,Class3,1,1,1,0,0,190,Monday,0,0,0
23-02-2026,8:00 AM,Lab1,0,0,0,0,1,294,Monday,0,0,1
23-02-2026,8:00 AM,Lab2,1,0,1,0,0,64,Monday,0,0,0
23-02-2026,8:00 AM,StaffRoom,0,0,0,0,0,8,Monday,0,0,0
23-02-2026,9:00 AM,Class1,1,1,0,0,0,116,Monday,0,0,0
23-02-2026,9:00 AM,Class2,1,1,1,0,0,173,Monday,0,0,0
23-02-2026,9:00 AM,Class3,1,0,1,0,0,55,Monday,0,0,0
23-02-2026,9:00 AM,Lab1,1,1,1,0,1,471,Monday,0,0,0
23-02-2026,9:00 AM,Lab2,1,1,1,0,1,475,Monday,0,0,0
23-02-2026,9:00 AM,StaffRoom,1,1,1,0,0,173,Monday,0,0,0
23-02-2026,10:00 AM,Class1,1,1,1,0,0,172,Monday,1,0,0
23-02-2026,10:00 AM,Class2,1,1,1,0,0,171,Monday,1,0,0
23-02-2026,10:00 AM,Class3,1,1,1,0,0,185,Monday,1,0,0
23-02-2026,10:00 AM,Lab1,1,1,0,0,0,122,Monday,1,0,0
23-02-2026,10:00 AM,Lab2,1,1,1,0,0,180,Monday,1,0,0
23-02-2026,10:00 AM,StaffRoom,1,0,1,0,0,55,Monday,1,0,0
23-02-2026,11:00 AM,Class1,0,0,0,0,0,4,Monday,0,0,0
23-02-2026,11:00 AM,Class2,0,1,0,0,0,126,Monday,0,0,1
23-02-2026,11:00 AM,Class3,0,1,0,0,1,420,Monday,0,0,1
23-02-2026,11:00 AM,Lab1,0,1,1,0,0,174,Monday,0,0,1
23-02-2026,11:00 AM,Lab2,0,1,1,0,0,184,Monday,0,0,1
23-02-2026,11:00 AM,StaffRoom,1,1,0,0,0,124,Monday,0,0,0
23-02-2026,12:00 PM,Class1,1,1,1,0,0,181,Monday,0,0,0
23-02-2026,12:00 PM,Class2,1,1,0,0,0,112,Monday,0,0,0
23-02-2026,12:00 PM,Class3,0,1,0,0,0,121,Monday,0,0,1
23-02-2026,12:00 PM,Lab1,1,1,1,0,1,485,Monday,0,0,0
23-02-2026,12:00 PM,Lab2,1,1,1,0,0,170,Monday,0,0,0
23-02-2026,12:00 PM,StaffRoom,1,1,1,0,0,170,Monday,0,0,0
23-02-2026,1:00 PM,Class1,0,0,0,0,0,0,Monday,1,0,0
23-02-2026,1:00 PM,Class2,0,0,0,0,1,307,Monday,1,0,1
23-02-2026,1:00 PM,Class3,0,0,0,0,1,309,Monday,1,0,1
23-02-2026,1:00 PM,Lab1,0,0,1,0,1,365,Monday,1,0,1
23-02-2026,1:00 PM,Lab2,0,1,1,0,0,185,Monday,1,0,1
23-02-2026,1:00 PM,StaffRoom,0,0,0,0,0,3,Monday,1,0,0
23-02-2026,2:00 PM,Class1,0,0,0,0,0,0,Monday,0,0,0
23-02-2026,2:00 PM,Class2,0,0,0,0,0,4,Monday,0,0,0
23-02-2026,2:00 PM,Class3,1,1,1,0,1,480,Monday,0,0,0
23-02-2026,2:00 PM,Lab1,0,1,0,0,0,122,Monday,0,0,1
23-02-2026,2:00 PM,Lab2,0,1,0,0,0,114,Monday,0,0,1
23-02-2026,2:00 PM,StaffRoom,0,1,0,0,0,121,Monday,0,0,1
23-02-2026,3:00 PM,Class1,1,1,1,0,1,487,Monday,0,0,0
23-02-2026,3:00 PM,Class2,1,1,1,0,0,184,Monday,0,0,0
23-02-2026,3:00 PM,Class3,0,1,0,0,0,129,Monday,0,0,1
23-02-2026,3:00 PM,Lab1,0,0,1,0,0,61,Monday,0,0,1
23-02-2026,3:00 PM,Lab2,1,1,1,0,0,184,Monday,0,0,0
23-02-2026,3:00 PM,StaffRoom,1,1,1,0,0,180,Monday,0,0,0
23-02-2026,4:00 PM,Class1,0,1,0,0,0,110,Monday,0,0,1
23-02-2026,4:00 PM,Class2,1,1,1,0,1,474,Monday,0,0,0
23-02-2026,4:00 PM,Class3,1,1,0,0,0,125,Monday,0,0,0
23-02-2026,4:00 PM,Lab1,1,1,1,0,1,478,Monday,0,0,0
23-02-2026,4:00 PM,Lab2,1,1,1,0,1,482,Monday,0,0,0
23-02-2026,4:00 PM,StaffRoom,1,1,1,0,0,179,Monday,0,0,0
23-02-2026,5:00 PM,Class1,1,1,1,0,1,475,Monday,0,1,0
23-02-2026,5:00 PM,Class2,1,1,1,0,0,175,Monday,0,1,0
23-02-2026,5:00 PM,Class3,1,1,1,0,0,185,Monday,0,1,0
23-02-2026,5:00 PM,Lab1,0,1,0,0,0,111,Monday,0,1,1
23-02-2026,5:00 PM,Lab2,0,0,1,0,0,66,Monday,0,1,1
23-02-2026,5:00 PM,StaffRoom,0,0,0,0,0,0,Monday,0,1,0
24-02-2026,8:00 AM,Class1,1,1,1,0,0,171,Tuesday,0,0,0
24-02-2026,8:00 AM,Class2,1,1,1,0,1,474,Tuesday,0,0,0
24-02-2026,8:00 AM,Class3,1,1,1,0,1,472,Tuesday,0,0,0
24-02-2026,8:00 AM,Lab1,1,1,1,0,0,190,Tuesday,0,0,0
24-02-2026,8:00 AM,Lab2,0,1,0,0,0,127,Tuesday,0,0,1
24-02-2026,8:00 AM,StaffRoom,0,0,0,0,0,0,Tuesday,0,0,0
24-02-2026,9:00 AM,Class1,1,1,1,0,0,189,Tuesday,0,0,0
24-02-2026,9:00 AM,Class2,1,1,1,0,0,181,Tuesday,0,0,0
24-02-2026,9:00 AM,Class3,0,0,0,0,0,6,Tuesday,0,0,0
24-02-2026,9:00 AM,Lab1,1,0,1,0,0,51,Tuesday,0,0,0
24-02-2026,9:00 AM,Lab2,1,1,1,0,0,178,Tuesday,0,0,0
24-02-2026,9:00 AM,StaffRoom,1,1,0,0,0,130,Tuesday,0,0,0
24-02-2026,10:00 AM,Class1,1,1,1,0,0,187,Tuesday,1,0,0
24-02-2026,10:00 AM,Class2,1,1,1,0,0,181,Tuesday,1,0,0
24-02-2026,10:00 AM,Class3,1,1,1,0,1,471,Tuesday,1,0,0
24-02-2026,10:00 AM,Lab1,1,1,1,0,1,480,Tuesday,1,0,0
24-02-2026,10:00 AM,Lab2,1,1,1,0,1,470,Tuesday,1,0,0
24-02-2026,10:00 AM,StaffRoom,1,1,1,0,0,187,Tuesday,1,0,0
24-02-2026,11:00 AM,Class1,0,0,0,0,0,2,Tuesday,0,0,0
24-02-2026,11:00 AM,Class2,0,0,0,0,0,0,Tuesday,0,0,0
24-02-2026,11:00 AM,Class3,0,0,0,0,0,0,Tuesday,0,0,0
24-02-2026,11:00 AM,Lab1,0,1,0,0,0,119,Tuesday,0,0,1
24-02-2026,11:00 AM,Lab2,0,1,0,0,0,115,Tuesday,0,0,1
24-02-2026,11:00 AM,StaffRoom,1,1,1,0,0,183,Tuesday,0,0,0
24-02-2026,12:00 PM,Class1,1,1,1,0,0,179,Tuesday,0,0,0
24-02-2026,12:00 PM,Class2,1,1,1,0,0,170,Tuesday,0,0,0
24-02-2026,12:00 PM,Class3,1,1,1,0,1,478,Tuesday,0,0,0
24-02-2026,12:00 PM,Lab1,1,1,1,0,1,474,Tuesday,0,0,0
24-02-2026,12:00 PM,Lab2,1,0,1,0,0,50,Tuesday,0,0,0
24-02-2026,12:00 PM,StaffRoom,1,1,1,0,0,175,Tuesday,0,0,0
24-02-2026,1:00 PM,Class1,0,0,0,0,0,0,Tuesday,1,0,0
24-02-2026,1:00 PM,Class2,1,1,1,0,1,490,Tuesday,1,0,0
24-02-2026,1:00 PM,Class3,0,0,0,0,1,310,Tuesday,1,0,1
24-02-2026,1:00 PM,Lab1,0,0,0,0,0,6,Tuesday,1,0,0
24-02-2026,1:00 PM,Lab2,0,0,0,0,0,7,Tuesday,1,0,0
24-02-2026,1:00 PM,StaffRoom,0,0,0,0,0,0,Tuesday,1,0,0
24-02-2026,2:00 PM,Class1,0,0,0,0,0,0,Tuesday,0,0,0
24-02-2026,2:00 PM,Class2,0,0,1,0,0,69,Tuesday,0,0,1
24-02-2026,2:00 PM,Class3,1,1,1,0,0,170,Tuesday,0,0,0
24-02-2026,2:00 PM,Lab1,0,0,1,0,0,51,Tuesday,0,0,1
24-02-2026,2:00 PM,Lab2,0,0,1,0,0,65,Tuesday,0,0,1
24-02-2026,2:00 PM,StaffRoom,0,0,0,0,0,4,Tuesday,0,0,0
24-02-2026,3:00 PM,Class1,1,1,1,0,1,485,Tuesday,0,0,0
24-02-2026,3:00 PM,Class2,1,1,1,0,1,474,Tuesday,0,0,0
24-02-2026,3:00 PM,Class3,1,1,1,0,1,482,Tuesday,0,0,0
24-02-2026,3:00 PM,Lab1,1,1,1,0,0,178,Tuesday,0,0,0
24-02-2026,3:00 PM,Lab2,0,1,0,0,1,428,Tuesday,0,0,1
24-02-2026,3:00 PM,StaffRoom,1,1,1,0,0,190,Tuesday,0,0,0
24-02-2026,4:00 PM,Class1,1,1,1,0,0,183,Tuesday,0,0,0
24-02-2026,4:00 PM,Class2,1,0,0,0,1,307,Tuesday,0,0,0
24-02-2026,4:00 PM,Class3,0,0,1,0,1,354,Tuesday,0,0,1
24-02-2026,4:00 PM,Lab1,1,1,1,0,1,482,Tuesday,0,0,0
24-02-2026,4:00 PM,Lab2,1,1,0,0,0,128,Tuesday,0,0,0
24-02-2026,4:00 PM,StaffRoom,1,1,1,0,0,170,Tuesday,0,0,0
24-02-2026,5:00 PM,Class1,1,1,1,0,0,186,Tuesday,0,1,0
24-02-2026,5:00 PM,Class2,0,0,1,0,0,57,Tuesday,0,1,1
24-02-2026,5:00 PM,Class3,1,1,1,0,0,171,Tuesday,0,1,0
24-02-2026,5:00 PM,Lab1,0,0,0,0,0,0,Tuesday,0,1,0
24-02-2026,5:00 PM,Lab2,0,0,0,0,1,298,Tuesday,0,1,1
24-02-2026,5:00 PM,StaffRoom,0,0,1,0,0,60,Tuesday,0,1,1
25-02-2026,8:00 AM,Class1,1,1,1,0,0,186,Wednesday,0,0,0
25-02-2026,8:00 AM,Class2,1,1,1,0,0,171,Wednesday,0,0,0
25-02-2026,8:00 AM,Class3,0,0,0,0,0,5,Wednesday,0,0,0
25-02-2026,8:00 AM,Lab1,1,1,1,0,1,490,Wednesday,0,0,0
25-02-2026,8:00 AM,Lab2,1,1,1,0,1,470,Wednesday,0,0,0
25-02-2026,8:00 AM,StaffRoom,0,0,0,0,0,0,Wednesday,0,0,0
25-02-2026,9:00 AM,Class1,1,1,1,0,0,172,Wednesday,0,0,0
25-02-2026,9:00 AM,Class2,0,0,0,0,1,297,Wednesday,0,0,1
25-02-2026,9:00 AM,Class3,1,1,1,0,0,177,Wednesday,0,0,0
25-02-2026,9:00 AM,Lab1,1,1,1,0,0,174,Wednesday,0,0,0
25-02-2026,9:00 AM,Lab2,1,1,1,0,0,186,Wednesday,0,0,0
25-02-2026,9:00 AM,StaffRoom,0,0,0,0,0,0,Wednesday,0,0,0
25-02-2026,10:00 AM,Class1,1,1,1,0,0,175,Wednesday,1,0,0
25-02-2026,10:00 AM,Class2,1,1,1,0,0,174,Wednesday,1,0,0
25-02-2026,10:00 AM,Class3,1,1,1,0,0,173,Wednesday,1,0,0
25-02-2026,10:00 AM,Lab1,1,1,1,0,1,470,Wednesday,1,0,0
25-02-2026,10:00 AM,Lab2,1,1,1,0,1,490,Wednesday,1,0,0
25-02-2026,10:00 AM,StaffRoom,1,1,1,0,0,184,Wednesday,1,0,0
25-02-2026,11:00 AM,Class1,0,0,0,0,0,0,Wednesday,0,0,0
25-02-2026,11:00 AM,Class2,0,1,0,0,0,119,Wednesday,0,0,1
25-02-2026,11:00 AM,Class3,1,1,1,0,1,481,Wednesday,0,0,0
25-02-2026,11:00 AM,Lab1,0,0,0,0,0,6,Wednesday,0,0,0
25-02-2026,11:00 AM,Lab2,0,0,1,0,0,62,Wednesday,0,0,1
25-02-2026,11:00 AM,StaffRoom,0,0,1,0,0,57,Wednesday,0,0,1
25-02-2026,12:00 PM,Class1,1,1,1,0,1,474,Wednesday,0,0,0
25-02-2026,12:00 PM,Class2,1,1,1,0,1,489,Wednesday,0,0,0
25-02-2026,12:00 PM,Class3,1,1,1,0,1,477,Wednesday,0,0,0
25-02-2026,12:00 PM,Lab1,1,1,1,0,1,489,Wednesday,0,0,0
25-02-2026,12:00 PM,Lab2,1,1,0,0,0,127,Wednesday,0,0,0
25-02-2026,12:00 PM,StaffRoom,1,1,1,0,0,187,Wednesday,0,0,0
25-02-2026,1:00 PM,Class1,0,0,0,0,0,6,Wednesday,1,0,0
25-02-2026,1:00 PM,Class2,0,1,0,0,0,118,Wednesday,1,0,1
25-02-2026,1:00 PM,Class3,0,0,0,0,0,5,Wednesday,1,0,0
25-02-2026,1:00 PM,Lab1,0,0,1,0,0,60,Wednesday,1,0,1
25-02-2026,1:00 PM,Lab2,0,0,0,0,0,0,Wednesday,1,0,0
25-02-2026,1:00 PM,StaffRoom,0,0,0,0,0,0,Wednesday,1,0,0
25-02-2026,2:00 PM,Class1,1,1,1,0,1,470,Wednesday,0,0,0
25-02-2026,2:00 PM,Class2,0,1,0,0,0,120,Wednesday,0,0,1
25-02-2026,2:00 PM,Class3,0,0,1,0,1,368,Wednesday,0,0,1
25-02-2026,2:00 PM,Lab1,0,1,0,0,0,114,Wednesday,0,0,1
25-02-2026,2:00 PM,Lab2,0,1,0,0,0,124,Wednesday,0,0,1
25-02-2026,2:00 PM,StaffRoom,1,1,1,0,0,174,Wednesday,0,0,0
25-02-2026,3:00 PM,Class1,1,1,1,0,1,490,Wednesday,0,0,0
25-02-2026,3:00 PM,Class2,0,0,0,0,1,308,Wednesday,0,0,1
25-02-2026,3:00 PM,Class3,1,1,1,0,0,181,Wednesday,0,0,0
25-02-2026,3:00 PM,Lab1,1,1,1,0,0,189,Wednesday,0,0,0
25-02-2026,3:00 PM,Lab2,0,1,1,0,1,478,Wednesday,0,0,1
25-02-2026,3:00 PM,StaffRoom,1,1,1,0,0,181,Wednesday,0,0,0
25-02-2026,4:00 PM,Class1,1,1,1,0,1,473,Wednesday,0,0,0
25-02-2026,4:00 PM,Class2,1,1,1,0,0,187,Wednesday,0,0,0
25-02-2026,4:00 PM,Class3,1,1,1,0,1,488,Wednesday,0,0,0
25-02-2026,4:00 PM,Lab1,0,0,0,0,0,3,Wednesday,0,0,0
25-02-2026,4:00 PM,Lab2,1,1,1,0,0,170,Wednesday,0,0,0
25-02-2026,4:00 PM,StaffRoom,0,0,0,0,0,0,Wednesday,0,0,0
25-02-2026,5:00 PM,Class1,1,1,1,0,1,474,Wednesday,0,1,0
25-02-2026,5:00 PM,Class2,1,1,1,0,0,184,Wednesday,0,1,0
25-02-2026,5:00 PM,Class3,0,1,1,0,0,182,Wednesday,0,1,1
25-02-2026,5:00 PM,Lab1,0,1,0,0,1,427,Wednesday,0,1,1
25-02-2026,5:00 PM,Lab2,0,0,0,0,0,4,Wednesday,0,1,0
25-02-2026,5:00 PM,StaffRoom,0,1,0,0,0,126,Wednesday,0,1,1
26-02-2026,8:00 AM,Class1,0,1,1,0,0,187,Thursday,0,0,1
26-02-2026,8:00 AM,Class2,1,1,0,0,0,121,Thursday,0,0,0
26-02-2026,8:00 AM,Class3,1,0,1,0,1,366,Thursday,0,0,0
26-02-2026,8:00 AM,Lab1,0,0,1,0,1,357,Thursday,0,0,1
26-02-2026,8:00 AM,Lab2,1,1,1,0,1,475,Thursday,0,0,0
26-02-2026,8:00 AM,StaffRoom,1,1,1,0,0,172,Thursday,0,0,0
26-02-2026,9:00 AM,Class1,1,0,1,0,0,63,Thursday,0,0,0
26-02-2026,9:00 AM,Class2,1,1,1,0,1,489,Thursday,0,0,0
26-02-2026,9:00 AM,Class3,1,1,1,0,0,188,Thursday,0,0,0
26-02-2026,9:00 AM,Lab1,1,1,1,0,1,490,Thursday,0,0,0
26-02-2026,9:00 AM,Lab2,1,1,0,0,0,119,Thursday,0,0,0
26-02-2026,9:00 AM,StaffRoom,0,0,0,0,0,0,Thursday,0,0,0
26-02-2026,10:00 AM,Class1,1,1,1,0,1,490,Thursday,1,0,0
26-02-2026,10:00 AM,Class2,1,1,1,0,1,489,Thursday,1,0,0
26-02-2026,10:00 AM,Class3,1,1,1,0,1,478,Thursday,1,0,0
26-02-2026,10:00 AM,Lab1,1,1,1,0,0,190,Thursday,1,0,0
26-02-2026,10:00 AM,Lab2,1,1,1,0,1,488,Thursday,1,0,0
26-02-2026,10:00 AM,StaffRoom,1,1,1,0,0,175,Thursday,1,0,0
26-02-2026,11:00 AM,Class1,1,1,1,0,0,177,Thursday,0,0,0
26-02-2026,11:00 AM,Class2,0,0,1,0,0,68,Thursday,0,0,1
26-02-2026,11:00 AM,Class3,0,1,0,0,0,126,Thursday,0,0,1
26-02-2026,11:00 AM,Lab1,1,0,1,0,0,67,Thursday,0,0,0
26-02-2026,11:00 AM,Lab2,0,0,1,0,0,56,Thursday,0,0,1
26-02-2026,11:00 AM,StaffRoom,0,1,0,0,0,112,Thursday,0,0,1
26-02-2026,12:00 PM,Class1,0,1,1,0,0,181,Thursday,0,0,1
26-02-2026,12:00 PM,Class2,1,1,1,0,0,186,Thursday,0,0,0
26-02-2026,12:00 PM,Class3,1,0,1,0,0,69,Thursday,0,0,0
26-02-2026,12:00 PM,Lab1,1,1,1,0,1,486,Thursday,0,0,0
26-02-2026,12:00 PM,Lab2,1,1,1,0,0,189,Thursday,0,0,0
26-02-2026,12:00 PM,StaffRoom,1,1,1,0,0,190,Thursday,0,0,0
26-02-2026,1:00 PM,Class1,0,0,0,0,0,9,Thursday,1,0,0
26-02-2026,1:00 PM,Class2,1,1,1,0,0,178,Thursday,1,0,0
26-02-2026,1:00 PM,Class3,0,0,0,0,0,10,Thursday,1,0,0
26-02-2026,1:00 PM,Lab1,0,1,0,0,0,121,Thursday,1,0,1
26-02-2026,1:00 PM,Lab2,0,1,0,0,0,114,Thursday,1,0,1
26-02-2026,1:00 PM,StaffRoom,0,0,1,0,0,52,Thursday,1,0,1
26-02-2026,2:00 PM,Class1,1,1,1,0,0,179,Thursday,0,0,0
26-02-2026,2:00 PM,Class2,0,1,0,0,0,130,Thursday,0,0,1
26-02-2026,2:00 PM,Class3,0,1,1,0,1,490,Thursday,0,0,1
26-02-2026,2:00 PM,Lab1,0,0,0,0,0,0,Thursday,0,0,0
26-02-2026,2:00 PM,Lab2,0,0,0,0,0,9,Thursday,0,0,0
26-02-2026,2:00 PM,StaffRoom,0,0,0,0,0,10,Thursday,0,0,0
26-02-2026,3:00 PM,Class1,1,1,1,0,0,177,Thursday,0,0,0
26-02-2026,3:00 PM,Class2,1,1,0,0,0,125,Thursday,0,0,0
26-02-2026,3:00 PM,Class3,1,1,1,0,1,482,Thursday,0,0,0
26-02-2026,3:00 PM,Lab1,1,1,1,0,0,172,Thursday,0,0,0
26-02-2026,3:00 PM,Lab2,1,1,1,0,1,476,Thursday,0,0,0
26-02-2026,3:00 PM,StaffRoom,1,1,1,0,0,180,Thursday,0,0,0
26-02-2026,4:00 PM,Class1,1,1,1,0,1,475,Thursday,0,0,0
26-02-2026,4:00 PM,Class2,1,0,1,0,1,352,Thursday,0,0,0
26-02-2026,4:00 PM,Class3,0,1,1,0,1,479,Thursday,0,0,1
26-02-2026,4:00 PM,Lab1,1,1,1,0,1,474,Thursday,0,0,0
26-02-2026,4:00 PM,Lab2,1,1,1,0,0,171,Thursday,0,0,0
26-02-2026,4:00 PM,StaffRoom,1,1,0,0,0,116,Thursday,0,0,0
26-02-2026,5:00 PM,Class1,1,0,1,0,0,57,Thursday,0,1,0
26-02-2026,5:00 PM,Class2,0,0,0,0,0,0,Thursday,0,1,0
26-02-2026,5:00 PM,Class3,0,0,0,0,0,2,Thursday,0,1,0
26-02-2026,5:00 PM,Lab1,0,1,0,0,1,413,Thursday,0,1,1
26-02-2026,5:00 PM,Lab2,0,1,0,0,1,420,Thursday,0,1,1
26-02-2026,5:00 PM,StaffRoom,0,1,0,0,0,111,Thursday,0,1,1
27-02-2026,8:00 AM,Class1,0,1,1,0,0,187,Friday,0,0,1
27-02-2026,8:00 AM,Class2,1,1,1,0,0,184,Friday,0,0,0
27-02-2026,8:00 AM,Class3,1,1,1,0,0,174,Friday,0,0,0
27-02-2026,8:00 AM,Lab1,0,0,0,0,0,0,Friday,0,0,0
27-02-2026,8:00 AM,Lab2,1,0,1,0,1,360,Friday,0,0,0
27-02-2026,8:00 AM,StaffRoom,0,0,1,0,0,65,Friday,0,0,1
27-02-2026,9:00 AM,Class1,1,1,1,0,0,175,Friday,0,0,0
27-02-2026,9:00 AM,Class2,0,0,0,0,1,306,Friday,0,0,1
27-02-2026,9:00 AM,Class3,1,1,0,0,1,427,Friday,0,0,0
27-02-2026,9:00 AM,Lab1,1,1,1,0,0,177,Friday,0,0,0
27-02-2026,9:00 AM,Lab2,1,1,1,0,0,188,Friday,0,0,0
27-02-2026,9:00 AM,StaffRoom,1,0,1,0,0,50,Friday,0,0,0
27-02-2026,10:00 AM,Class1,0,1,0,0,0,125,Friday,1,0,1
27-02-2026,10:00 AM,Class2,1,1,0,0,0,127,Friday,1,0,0
27-02-2026,10:00 AM,Class3,1,1,1,0,1,478,Friday,1,0,0
27-02-2026,10:00 AM,Lab1,1,1,1,0,0,181,Friday,1,0,0
27-02-2026,10:00 AM,Lab2,1,1,1,0,0,181,Friday,1,0,0
27-02-2026,10:00 AM,StaffRoom,1,1,0,0,0,122,Friday,1,0,0
27-02-2026,11:00 AM,Class1,0,0,0,0,1,303,Friday,0,0,1
27-02-2026,11:00 AM,Class2,0,0,0,0,0,8,Friday,0,0,0
27-02-2026,11:00 AM,Class3,0,0,0,0,0,8,Friday,0,0,0
27-02-2026,11:00 AM,Lab1,0,0,0,0,0,0,Friday,0,0,0
27-02-2026,11:00 AM,Lab2,0,0,0,0,0,0,Friday,0,0,0
27-02-2026,11:00 AM,StaffRoom,0,0,1,0,0,67,Friday,0,0,1
27-02-2026,12:00 PM,Class1,1,1,1,0,1,483,Friday,0,0,0
27-02-2026,12:00 PM,Class2,1,1,0,0,0,130,Friday,0,0,0
27-02-2026,12:00 PM,Class3,1,1,1,0,1,474,Friday,0,0,0
27-02-2026,12:00 PM,Lab1,1,0,1,0,1,353,Friday,0,0,0
27-02-2026,12:00 PM,Lab2,1,1,0,0,0,128,Friday,0,0,0
27-02-2026,12:00 PM,StaffRoom,1,1,1,0,0,179,Friday,0,0,0
27-02-2026,1:00 PM,Class1,1,1,1,0,1,481,Friday,1,0,0
27-02-2026,1:00 PM,Class2,0,1,1,0,0,181,Friday,1,0,1
27-02-2026,1:00 PM,Class3,0,0,0,0,0,0,Friday,1,0,0
27-02-2026,1:00 PM,Lab1,0,1,1,0,1,473,Friday,1,0,1
27-02-2026,1:00 PM,Lab2,0,0,0,0,0,7,Friday,1,0,0
27-02-2026,1:00 PM,StaffRoom,0,1,1,0,0,176,Friday,1,0,1
27-02-2026,2:00 PM,Class1,1,1,1,0,0,184,Friday,0,0,0
27-02-2026,2:00 PM,Class2,1,1,1,0,0,177,Friday,0,0,0
27-02-2026,2:00 PM,Class3,1,0,1,0,1,351,Friday,0,0,0
27-02-2026,2:00 PM,Lab1,0,0,0,0,0,0,Friday,0,0,0
27-02-2026,2:00 PM,Lab2,0,0,0,0,0,8,Friday,0,0,0
27-02-2026,2:00 PM,StaffRoom,0,0,0,0,0,5,Friday,0,0,0
27-02-2026,3:00 PM,Class1,1,0,1,0,1,352,Friday,0,0,0
27-02-2026,3:00 PM,Class2,1,1,0,0,1,417,Friday,0,0,0
27-02-2026,3:00 PM,Class3,0,0,1,0,0,60,Friday,0,0,1
27-02-2026,3:00 PM,Lab1,1,1,1,0,1,472,Friday,0,0,0
27-02-2026,3:00 PM,Lab2,1,1,0,0,1,427,Friday,0,0,0
27-02-2026,3:00 PM,StaffRoom,1,1,1,0,0,173,Friday,0,0,0
27-02-2026,4:00 PM,Class1,1,0,0,0,0,10,Friday,0,0,0
27-02-2026,4:00 PM,Class2,0,0,0,0,1,295,Friday,0,0,1
27-02-2026,4:00 PM,Class3,1,1,0,0,1,420,Friday,0,0,0
27-02-2026,4:00 PM,Lab1,0,0,0,0,0,0,Friday,0,0,0
27-02-2026,4:00 PM,Lab2,1,1,1,0,1,487,Friday,0,0,0
27-02-2026,4:00 PM,StaffRoom,1,1,1,0,0,180,Friday,0,0,0
27-02-2026,5:00 PM,Class1,0,1,0,0,0,124,Friday,0,1,1
27-02-2026,5:00 PM,Class2,1,1,1,0,1,473,Friday,0,1,0
27-02-2026,5:00 PM,Class3,0,0,1,0,0,62,Friday,0,1,1
27-02-2026,5:00 PM,Lab1,0,0,1,0,1,369,Friday,0,1,1
27-02-2026,5:00 PM,Lab2,0,0,1,0,0,55,Friday,0,1,1
27-02-2026,5:00 PM,StaffRoom,1,0,1,0,0,55,Friday,0,1,0
28-02-2026,8:00 AM,Class1,0,0,0,0,0,0,Saturday,0,0,0
28-02-2026,8:00 AM,Class2,1,1,1,0,1,485,Saturday,0,0,0
28-02-2026,8:00 AM,Class3,1,1,1,0,0,176,Saturday,0,0,0
28-02-2026,8:00 AM,Lab1,1,1,1,0,1,470,Saturday,0,0,0
28-02-2026,8:00 AM,Lab2,0,0,0,0,0,0,Saturday,0,0,0
28-02-2026,8:00 AM,StaffRoom,1,1,1,0,0,173,Saturday,0,0,0
28-02-2026,9:00 AM,Class1,1,1,1,0,1,481,Saturday,0,0,0
28-02-2026,9:00 AM,Class2,1,1,1,0,1,476,Saturday,0,0,0
28-02-2026,9:00 AM,Class3,1,1,1,0,1,487,Saturday,0,0,0
28-02-2026,9:00 AM,Lab1,1,1,1,0,1,477,Saturday,0,0,0
28-02-2026,9:00 AM,Lab2,1,1,1,0,0,174,Saturday,0,0,0
28-02-2026,9:00 AM,StaffRoom,1,1,1,0,0,174,Saturday,0,0,0
28-02-2026,10:00 AM,Class1,1,1,0,0,1,420,Saturday,1,0,0
28-02-2026,10:00 AM,Class2,1,1,1,0,0,178,Saturday,1,0,0
28-02-2026,10:00 AM,Class3,0,0,0,0,1,296,Saturday,1,0,1
28-02-2026,10:00 AM,Lab1,1,1,0,0,1,426,Saturday,1,0,0
28-02-2026,10:00 AM,Lab2,1,0,1,0,1,350,Saturday,1,0,0
28-02-2026,10:00 AM,StaffRoom,0,0,0,0,0,9,Saturday,1,0,0
28-02-2026,11:00 AM,Class1,0,1,0,0,1,430,Saturday,0,0,1
28-02-2026,11:00 AM,Class2,0,0,0,0,0,1,Saturday,0,0,0
28-02-2026,11:00 AM,Class3,0,1,0,0,1,430,Saturday,0,0,1
28-02-2026,11:00 AM,Lab1,0,0,0,0,0,2,Saturday,0,0,0
28-02-2026,11:00 AM,Lab2,0,0,0,0,0,3,Saturday,0,0,0
28-02-2026,11:00 AM,StaffRoom,0,0,0,0,0,0,Saturday,0,0,0
28-02-2026,12:00 PM,Class1,1,1,0,0,0,114,Saturday,0,0,0
28-02-2026,12:00 PM,Class2,1,1,1,0,1,475,Saturday,0,0,0
28-02-2026,12:00 PM,Class3,1,1,1,0,0,186,Saturday,0,0,0
28-02-2026,12:00 PM,Lab1,1,1,1,0,1,484,Saturday,0,0,0
28-02-2026,12:00 PM,Lab2,1,1,1,0,0,174,Saturday,0,0,0
28-02-2026,12:00 PM,StaffRoom,1,1,1,0,0,187,Saturday,0,0,0
28-02-2026,1:00 PM,Class1,0,0,1,0,0,61,Saturday,1,0,1
28-02-2026,1:00 PM,Class2,0,0,0,0,0,9,Saturday,1,0,0
28-02-2026,1:00 PM,Class3,0,1,0,0,0,121,Saturday,1,0,1
28-02-2026,1:00 PM,Lab1,0,0,0,0,0,0,Saturday,1,0,0
28-02-2026,1:00 PM,Lab2,0,0,0,0,0,0,Saturday,1,0,0
28-02-2026,1:00 PM,StaffRoom,0,0,1,0,0,63,Saturday,1,0,1
28-02-2026,2:00 PM,Class1,0,0,1,0,0,60,Saturday,0,0,1
28-02-2026,2:00 PM,Class2,0,1,1,0,0,183,Saturday,0,0,1
28-02-2026,2:00 PM,Class3,1,1,0,0,0,129,Saturday,0,0,0
28-02-2026,2:00 PM,Lab1,0,0,0,0,0,0,Saturday,0,0,0
28-02-2026,2:00 PM,Lab2,0,0,0,0,0,0,Saturday,0,0,0
28-02-2026,2:00 PM,StaffRoom,0,0,1,0,0,69,Saturday,0,0,1
28-02-2026,3:00 PM,Class1,1,1,1,0,1,471,Saturday,0,0,0
28-02-2026,3:00 PM,Class2,1,0,1,0,0,61,Saturday,0,0,0
28-02-2026,3:00 PM,Class3,1,1,1,0,1,470,Saturday,0,0,0
28-02-2026,3:00 PM,Lab1,1,1,0,0,0,127,Saturday,0,0,0
28-02-2026,3:00 PM,Lab2,0,0,1,0,1,351,Saturday,0,0,1
28-02-2026,3:00 PM,StaffRoom,1,1,0,0,0,117,Saturday,0,0,0
28-02-2026,4:00 PM,Class1,1,1,1,0,0,188,Saturday,0,0,0
28-02-2026,4:00 PM,Class2,0,1,1,0,0,175,Saturday,0,0,1
28-02-2026,4:00 PM,Class3,1,1,1,0,1,481,Saturday,0,0,0
28-02-2026,4:00 PM,Lab1,1,1,1,0,1,483,Saturday,0,0,0
28-02-2026,4:00 PM,Lab2,1,1,0,0,0,116,Saturday,0,0,0
28-02-2026,4:00 PM,StaffRoom,1,0,1,0,0,54,Saturday,0,0,0
28-02-2026,5:00 PM,Class1,0,0,0,0,0,0,Saturday,0,1,0
28-02-2026,5:00 PM,Class2,0,0,0,0,0,0,Saturday,0,1,0
28-02-2026,5:00 PM,Class3,0,1,0,0,1,421,Saturday,0,1,1
28-02-2026,5:00 PM,Lab1,1,1,1,0,1,477,Saturday,0,1,0
28-02-2026,5:00 PM,Lab2,1,1,1,0,0,180,Saturday,0,1,0
28-02-2026,5:00 PM,StaffRoom,1,1,1,0,0,172,Saturday,0,1,0
02-03-2026,8:00 AM,Class1,1,1,1,0,0,175,Monday,0,0,0
02-03-2026,8:00 AM,Class2,0,0,1,0,1,359,Monday,0,0,1
02-03-2026,8:00 AM,Class3,0,0,0,0,0,0,Monday,0,0,0
02-03-2026,8:00 AM,Lab1,0,0,0,0,0,0,Monday,0,0,0
02-03-2026,8:00 AM,Lab2,0,1,0,0,0,118,Monday,0,0,1
02-03-2026,8:00 AM,StaffRoom,1,1,1,0,0,176,Monday,0,0,0
02-03-2026,9:00 AM,Class1,1,1,0,0,1,413,Monday,0,0,0
02-03-2026,9:00 AM,Class2,1,1,1,0,0,177,Monday,0,0,0
02-03-2026,9:00 AM,Class3,1,1,1,0,1,484,Monday,0,0,0
02-03-2026,9:00 AM,Lab1,0,1,0,0,0,113,Monday,0,0,1
02-03-2026,9:00 AM,Lab2,1,1,1,0,0,185,Monday,0,0,0
02-03-2026,9:00 AM,StaffRoom,0,1,0,0,0,125,Monday,0,0,1
02-03-2026,10:00 AM,Class1,1,1,1,0,0,170,Monday,1,0,0
02-03-2026,10:00 AM,Class2,1,1,1,0,0,182,Monday,1,0,0
02-03-2026,10:00 AM,Class3,1,1,1,0,1,489,Monday,1,0,0
02-03-2026,10:00 AM,Lab1,1,1,1,0,0,188,Monday,1,0,0
02-03-2026,10:00 AM,Lab2,0,0,0,0,0,5,Monday,1,0,0
02-03-2026,10:00 AM,StaffRoom,1,1,1,0,0,190,Monday,1,0,0
02-03-2026,11:00 AM,Class1,0,1,1,0,0,188,Monday,0,0,1
02-03-2026,11:00 AM,Class2,0,1,0,0,0,124,Monday,0,0,1
02-03-2026,11:00 AM,Class3,0,0,1,0,0,57,Monday,0,0,1
02-03-2026,11:00 AM,Lab1,1,1,1,0,0,188,Monday,0,0,0
02-03-2026,11:00 AM,Lab2,0,0,1,0,1,363,Monday,0,0,1
02-03-2026,11:00 AM,StaffRoom,0,0,0,0,0,7,Monday,0,0,0
02-03-2026,12:00 PM,Class1,1,1,1,0,1,478,Monday,0,0,0
02-03-2026,12:00 PM,Class2,1,1,1,0,1,489,Monday,0,0,0
02-03-2026,12:00 PM,Class3,1,1,1,0,1,489,Monday,0,0,0
02-03-2026,12:00 PM,Lab1,1,1,1,0,1,480,Monday,0,0,0
02-03-2026,12:00 PM,Lab2,1,1,1,0,0,185,Monday,0,0,0
02-03-2026,12:00 PM,StaffRoom,1,1,1,0,0,175,Monday,0,0,0
02-03-2026,1:00 PM,Class1,1,1,1,0,0,181,Monday,1,0,0
02-03-2026,1:00 PM,Class2,0,0,1,0,0,59,Monday,1,0,1
02-03-2026,1:00 PM,Class3,0,0,0,0,1,305,Monday,1,0,1
02-03-2026,1:00 PM,Lab1,0,1,0,0,1,422,Monday,1,0,1
02-03-2026,1:00 PM,Lab2,0,1,1,0,0,186,Monday,1,0,1
02-03-2026,1:00 PM,StaffRoom,0,0,0,0,0,10,Monday,1,0,0
02-03-2026,2:00 PM,Class1,0,0,0,0,0,10,Monday,0,0,0
02-03-2026,2:00 PM,Class2,0,1,0,0,0,114,Monday,0,0,1
02-03-2026,2:00 PM,Class3,0,0,0,0,0,6,Monday,0,0,0
02-03-2026,2:00 PM,Lab1,0,1,1,0,0,189,Monday,0,0,1
02-03-2026,2:00 PM,Lab2,0,0,0,0,1,296,Monday,0,0,1
02-03-2026,2:00 PM,StaffRoom,0,0,0,0,0,0,Monday,0,0,0
02-03-2026,3:00 PM,Class1,1,1,1,0,1,475,Monday,0,0,0
02-03-2026,3:00 PM,Class2,1,0,1,0,1,365,Monday,0,0,0
02-03-2026,3:00 PM,Class3,1,1,1,0,0,189,Monday,0,0,0
02-03-2026,3:00 PM,Lab1,1,1,1,0,1,479,Monday,0,0,0
02-03-2026,3:00 PM,Lab2,1,1,1,0,0,179,Monday,0,0,0
02-03-2026,3:00 PM,StaffRoom,1,1,1,0,0,186,Monday,0,0,0
02-03-2026,4:00 PM,Class1,1,1,1,0,0,174,Monday,0,0,0
02-03-2026,4:00 PM,Class2,0,0,0,0,0,0,Monday,0,0,0
02-03-2026,4:00 PM,Class3,1,1,1,0,1,486,Monday,0,0,0
02-03-2026,4:00 PM,Lab1,1,1,1,0,1,486,Monday,0,0,0
02-03-2026,4:00 PM,Lab2,1,1,1,0,0,187,Monday,0,0,0
02-03-2026,4:00 PM,StaffRoom,1,1,1,0,0,178,Monday,0,0,0
02-03-2026,5:00 PM,Class1,0,0,0,0,0,7,Monday,0,1,0
02-03-2026,5:00 PM,Class2,1,1,1,0,1,481,Monday,0,1,0
02-03-2026,5:00 PM,Class3,0,1,1,0,1,490,Monday,0,1,1
02-03-2026,5:00 PM,Lab1,1,1,0,0,1,428,Monday,0,1,0
02-03-2026,5:00 PM,Lab2,1,1,1,0,1,475,Monday,0,1,0
02-03-2026,5:00 PM,StaffRoom,0,0,0,0,0,4,Monday,0,1,0
03-03-2026,8:00 AM,Class1,1,1,1,0,1,470,Tuesday,0,0,0
03-03-2026,8:00 AM,Class2,0,0,0,0,1,300,Tuesday,0,0,1
03-03-2026,8:00 AM,Class3,1,1,1,0,0,182,Tuesday,0,0,0
03-03-2026,8:00 AM,Lab1,1,1,1,0,1,475,Tuesday,0,0,0
03-03-2026,8:00 AM,Lab2,0,0,0,0,0,4,Tuesday,0,0,0
03-03-2026,8:00 AM,StaffRoom,1,1,1,0,0,178,Tuesday,0,0,0
03-03-2026,9:00 AM,Class1,0,1,0,0,0,119,Tuesday,0,0,1
03-03-2026,9:00 AM,Class2,1,1,1,0,1,487,Tuesday,0,0,0
03-03-2026,9:00 AM,Class3,1,1,1,0,1,482,Tuesday,0,0,0
03-03-2026,9:00 AM,Lab1,1,1,0,0,1,423,Tuesday,0,0,0
03-03-2026,9:00 AM,Lab2,1,1,1,0,0,175,Tuesday,0,0,0
03-03-2026,9:00 AM,StaffRoom,1,1,0,0,0,126,Tuesday,0,0,0
03-03-2026,10:00 AM,Class1,0,0,0,0,0,0,Tuesday,1,0,0
03-03-2026,10:00 AM,Class2,1,1,1,0,1,470,Tuesday,1,0,0
03-03-2026,10:00 AM,Class3,1,0,1,0,0,52,Tuesday,1,0,0
03-03-2026,10:00 AM,Lab1,1,0,1,0,0,69,Tuesday,1,0,0
03-03-2026,10:00 AM,Lab2,0,1,1,0,0,181,Tuesday,1,0,1
03-03-2026,10:00 AM,StaffRoom,1,1,1,0,0,180,Tuesday,1,0,0
03-03-2026,11:00 AM,Class1,0,0,0,0,0,0,Tuesday,0,0,0
03-03-2026,11:00 AM,Class2,0,1,0,0,0,118,Tuesday,0,0,1
03-03-2026,11:00 AM,Class3,0,1,0,0,0,127,Tuesday,0,0,1
03-03-2026,11:00 AM,Lab1,0,1,0,0,1,411,Tuesday,0,0,1
03-03-2026,11:00 AM,Lab2,0,0,0,0,0,0,Tuesday,0,0,0
03-03-2026,11:00 AM,StaffRoom,0,0,0,0,0,4,Tuesday,0,0,0
03-03-2026,12:00 PM,Class1,1,1,1,0,0,190,Tuesday,0,0,0
03-03-2026,12:00 PM,Class2,1,1,1,0,1,488,Tuesday,0,0,0
03-03-2026,12:00 PM,Class3,1,1,1,0,0,183,Tuesday,0,0,0
03-03-2026,12:00 PM,Lab1,1,1,0,0,0,115,Tuesday,0,0,0
03-03-2026,12:00 PM,Lab2,1,1,1,0,0,175,Tuesday,0,0,0
03-03-2026,12:00 PM,StaffRoom,1,1,1,0,0,177,Tuesday,0,0,0
03-03-2026,1:00 PM,Class1,0,1,0,0,0,111,Tuesday,1,0,1
03-03-2026,1:00 PM,Class2,0,1,1,0,0,186,Tuesday,1,0,1
03-03-2026,1:00 PM,Class3,0,0,1,0,0,57,Tuesday,1,0,1
03-03-2026,1:00 PM,Lab1,0,0,1,0,0,57,Tuesday,1,0,1
03-03-2026,1:00 PM,Lab2,0,0,0,0,0,2,Tuesday,1,0,0
03-03-2026,1:00 PM,StaffRoom,0,0,0,0,0,0,Tuesday,1,0,0
03-03-2026,2:00 PM,Class1,0,1,0,0,0,111,Tuesday,0,0,1
03-03-2026,2:00 PM,Class2,0,0,1,0,0,50,Tuesday,0,0,1
03-03-2026,2:00 PM,Class3,0,0,0,0,0,0,Tuesday,0,0,0
03-03-2026,2:00 PM,Lab1,0,1,0,0,0,128,Tuesday,0,0,1
03-03-2026,2:00 PM,Lab2,1,1,1,0,0,180,Tuesday,0,0,0
03-03-2026,2:00 PM,StaffRoom,0,0,0,0,0,5,Tuesday,0,0,0
03-03-2026,3:00 PM,Class1,1,1,1,0,0,183,Tuesday,0,0,0
03-03-2026,3:00 PM,Class2,1,0,1,0,0,54,Tuesday,0,0,0
03-03-2026,3:00 PM,Class3,1,1,1,0,0,180,Tuesday,0,0,0
03-03-2026,3:00 PM,Lab1,1,1,1,0,1,481,Tuesday,0,0,0
03-03-2026,3:00 PM,Lab2,1,1,1,0,1,486,Tuesday,0,0,0
03-03-2026,3:00 PM,StaffRoom,1,1,1,0,0,180,Tuesday,0,0,0
03-03-2026,4:00 PM,Class1,0,0,1,0,1,361,Tuesday,0,0,1
03-03-2026,4:00 PM,Class2,1,1,0,0,0,116,Tuesday,0,0,0
03-03-2026,4:00 PM,Class3,1,1,1,0,1,483,Tuesday,0,0,0
03-03-2026,4:00 PM,Lab1,1,1,1,0,0,171,Tuesday,0,0,0
03-03-2026,4:00 PM,Lab2,0,0,0,0,0,0,Tuesday,0,0,0
03-03-2026,4:00 PM,StaffRoom,1,1,1,0,0,188,Tuesday,0,0,0
03-03-2026,5:00 PM,Class1,1,1,0,0,1,417,Tuesday,0,1,0
03-03-2026,5:00 PM,Class2,1,1,1,0,1,488,Tuesday,0,1,0
03-03-2026,5:00 PM,Class3,0,1,0,0,1,423,Tuesday,0,1,1
03-03-2026,5:00 PM,Lab1,1,1,1,0,0,190,Tuesday,0,1,0
03-03-2026,5:00 PM,Lab2,1,1,1,0,1,476,Tuesday,0,1,0
03-03-2026,5:00 PM,StaffRoom,1,1,1,0,0,187,Tuesday,0,1,0
